ts,lab,direction,seq,result,rtt_ms
2026-09-28T20:05:07.264+00:00,agent,fwd,1,OK,0.404
2026-09-28T20:05:07.467+00:00,agent,fwd,2,OK,0.223
2026-09-28T20:05:07.671+00:00,agent,fwd,3,OK,0.259
2026-09-28T20:05:07.875+00:00,agent,fwd,4,OK,0.227
2026-09-28T20:05:08.079+00:00,agent,fwd,5,OK,0.215
2026-09-28T20:05:08.283+00:00,agent,fwd,6,OK,0.134
2026-09-28T20:05:08.487+00:00,agent,fwd,7,OK,0.163
2026-09-28T20:05:08.691+00:00,agent,fwd,8,OK,0.198
2026-09-28T20:05:08.896+00:00,agent,fwd,9,OK,0.142
2026-09-28T20:05:09.099+00:00,agent,fwd,10,OK,0.146
2026-09-28T20:05:09.303+00:00,agent,fwd,11,OK,0.217
2026-09-28T20:05:09.508+00:00,agent,fwd,12,OK,0.133
2026-09-28T20:05:09.711+00:00,agent,fwd,13,OK,0.153
2026-09-28T20:05:09.915+00:00,agent,fwd,14,OK,0.156
2026-09-28T20:05:10.119+00:00,agent,fwd,15,OK,0.221
2026-09-28T20:05:10.323+00:00,agent,fwd,16,OK,0.128
2026-09-28T20:05:10.527+00:00,agent,fwd,17,OK,0.146
2026-09-28T20:05:10.731+00:00,agent,fwd,18,OK,0.208
2026-09-28T20:05:10.936+00:00,agent,fwd,19,OK,0.606
2026-09-28T20:05:20.543+00:00,agent,fwd,51,FAIL,
2026-09-28T20:05:20.543+00:00,agent,fwd,52,FAIL,
2026-09-28T20:05:20.543+00:00,agent,fwd,53,FAIL,
2026-09-28T20:05:20.543+00:00,agent,fwd,54,FAIL,
2026-09-28T20:05:20.543+00:00,agent,fwd,55,FAIL,
2026-09-28T20:05:23.611+00:00,agent,fwd,56,FAIL,
2026-09-28T20:05:23.612+00:00,agent,fwd,57,FAIL,
2026-09-28T20:05:23.612+00:00,agent,fwd,58,FAIL,
2026-09-28T20:05:23.612+00:00,agent,fwd,59,FAIL,
2026-09-28T20:05:26.683+00:00,agent,fwd,62,FAIL,
2026-09-28T20:05:26.683+00:00,agent,fwd,63,FAIL,
2026-09-28T20:05:26.683+00:00,agent,fwd,64,FAIL,
2026-09-28T20:05:26.683+00:00,agent,fwd,65,FAIL,
2026-09-28T20:05:26.683+00:00,agent,fwd,66,FAIL,
2026-09-28T20:05:29.755+00:00,agent,fwd,67,FAIL,
2026-09-28T20:05:29.755+00:00,agent,fwd,68,FAIL,
2026-09-28T20:05:29.755+00:00,agent,fwd,69,FAIL,
2026-09-28T20:05:29.755+00:00,agent,fwd,70,FAIL,
2026-09-28T20:05:29.755+00:00,agent,fwd,71,FAIL,
2026-09-28T20:05:32.828+00:00,agent,fwd,72,FAIL,
2026-09-28T20:05:32.828+00:00,agent,fwd,73,FAIL,
2026-09-28T20:05:32.828+00:00,agent,fwd,74,FAIL,
2026-09-28T20:05:32.828+00:00,agent,fwd,75,FAIL,
2026-09-28T20:05:32.828+00:00,agent,fwd,76,FAIL,
2026-09-28T20:05:36.059+00:00,agent,fwd,78,FAIL,
2026-09-28T20:05:36.059+00:00,agent,fwd,79,FAIL,
2026-09-28T20:05:36.059+00:00,agent,fwd,80,FAIL,
2026-09-28T20:05:36.059+00:00,agent,fwd,81,FAIL,
2026-09-28T20:05:36.059+00:00,agent,fwd,82,FAIL,
2026-09-28T20:05:39.136+00:00,agent,fwd,83,FAIL,
2026-09-28T20:05:39.136+00:00,agent,fwd,84,FAIL,
2026-09-28T20:05:39.137+00:00,agent,fwd,85,FAIL,
2026-09-28T20:05:39.137+00:00,agent,fwd,86,FAIL,
2026-09-28T20:05:39.137+00:00,agent,fwd,87,FAIL,
2026-09-28T20:05:42.203+00:00,agent,fwd,88,FAIL,
2026-09-28T20:05:42.203+00:00,agent,fwd,89,FAIL,
2026-09-28T20:05:42.203+00:00,agent,fwd,90,FAIL,
2026-09-28T20:05:42.203+00:00,agent,fwd,91,FAIL,
2026-09-28T20:05:42.203+00:00,agent,fwd,92,FAIL,
2026-09-28T20:05:45.467+00:00,agent,fwd,94,FAIL,
2026-09-28T20:05:45.467+00:00,agent,fwd,95,FAIL,
2026-09-28T20:05:45.467+00:00,agent,fwd,96,FAIL,
2026-09-28T20:05:45.467+00:00,agent,fwd,97,FAIL,
2026-09-28T20:05:45.467+00:00,agent,fwd,98,FAIL,
2026-09-28T20:05:48.539+00:00,agent,fwd,99,FAIL,
2026-09-28T20:05:48.539+00:00,agent,fwd,100,FAIL,
2026-09-28T20:05:48.539+00:00,agent,fwd,101,FAIL,
2026-09-28T20:05:48.539+00:00,agent,fwd,102,FAIL,
2026-09-28T20:05:48.540+00:00,agent,fwd,103,FAIL,
2026-09-28T20:05:51.611+00:00,agent,fwd,104,FAIL,
2026-09-28T20:05:51.611+00:00,agent,fwd,105,FAIL,
2026-09-28T20:05:51.611+00:00,agent,fwd,106,FAIL,
2026-09-28T20:05:51.611+00:00,agent,fwd,107,FAIL,
2026-09-28T20:05:51.611+00:00,agent,fwd,108,FAIL,
2026-09-28T20:05:54.683+00:00,agent,fwd,109,FAIL,
2026-09-28T20:05:54.683+00:00,agent,fwd,110,FAIL,
2026-09-28T20:05:54.683+00:00,agent,fwd,111,FAIL,
2026-09-28T20:05:54.683+00:00,agent,fwd,112,FAIL,
2026-09-28T20:05:54.683+00:00,agent,fwd,113,FAIL,
2026-09-28T20:05:57.759+00:00,agent,fwd,114,FAIL,
2026-09-28T20:05:57.760+00:00,agent,fwd,115,FAIL,
2026-09-28T20:05:57.760+00:00,agent,fwd,116,FAIL,
2026-09-28T20:05:57.760+00:00,agent,fwd,117,FAIL,
2026-09-28T20:05:57.760+00:00,agent,fwd,118,FAIL,
2026-09-28T20:06:00.827+00:00,agent,fwd,119,FAIL,
2026-09-28T20:06:00.827+00:00,agent,fwd,120,FAIL,
2026-09-28T20:06:00.827+00:00,agent,fwd,121,FAIL,
2026-09-28T20:06:00.827+00:00,agent,fwd,122,FAIL,
2026-09-28T20:06:00.827+00:00,agent,fwd,123,FAIL,
2026-09-28T20:06:03.899+00:00,agent,fwd,124,FAIL,
2026-09-28T20:06:03.899+00:00,agent,fwd,125,FAIL,
2026-09-28T20:06:03.899+00:00,agent,fwd,126,FAIL,
2026-09-28T20:06:03.899+00:00,agent,fwd,127,FAIL,
2026-09-28T20:06:03.899+00:00,agent,fwd,128,FAIL,
2026-09-28T20:06:06.971+00:00,agent,fwd,129,FAIL,
2026-09-28T20:06:06.971+00:00,agent,fwd,130,FAIL,
2026-09-28T20:06:06.971+00:00,agent,fwd,131,FAIL,
2026-09-28T20:06:06.971+00:00,agent,fwd,132,FAIL,
2026-09-28T20:06:06.971+00:00,agent,fwd,133,FAIL,
2026-09-28T20:06:10.043+00:00,agent,fwd,134,FAIL,
2026-09-28T20:06:10.043+00:00,agent,fwd,135,FAIL,
2026-09-28T20:06:10.043+00:00,agent,fwd,136,FAIL,
2026-09-28T20:06:10.043+00:00,agent,fwd,137,FAIL,
2026-09-28T20:06:10.043+00:00,agent,fwd,138,FAIL,
2026-09-28T20:06:13.115+00:00,agent,fwd,139,FAIL,
2026-09-28T20:06:13.115+00:00,agent,fwd,140,FAIL,
2026-09-28T20:06:13.115+00:00,agent,fwd,141,FAIL,
2026-09-28T20:06:13.115+00:00,agent,fwd,142,FAIL,
2026-09-28T20:06:13.115+00:00,agent,fwd,143,FAIL,
2026-09-28T20:06:16.187+00:00,agent,fwd,144,FAIL,
2026-09-28T20:06:16.187+00:00,agent,fwd,145,FAIL,
2026-09-28T20:06:16.187+00:00,agent,fwd,146,FAIL,
2026-09-28T20:06:16.187+00:00,agent,fwd,147,FAIL,
2026-09-28T20:06:16.187+00:00,agent,fwd,148,FAIL,
2026-09-28T20:06:19.260+00:00,agent,fwd,149,FAIL,
2026-09-28T20:06:19.260+00:00,agent,fwd,150,FAIL,
2026-09-28T20:06:19.260+00:00,agent,fwd,151,FAIL,
2026-09-28T20:06:19.260+00:00,agent,fwd,152,FAIL,
2026-09-28T20:06:19.260+00:00,agent,fwd,153,FAIL,
2026-09-28T20:06:22.331+00:00,agent,fwd,154,FAIL,
2026-09-28T20:06:22.332+00:00,agent,fwd,155,FAIL,
2026-09-28T20:06:22.332+00:00,agent,fwd,156,FAIL,
2026-09-28T20:06:22.332+00:00,agent,fwd,157,FAIL,
2026-09-28T20:06:22.332+00:00,agent,fwd,158,FAIL,
2026-09-28T20:06:25.407+00:00,agent,fwd,159,FAIL,
2026-09-28T20:06:25.407+00:00,agent,fwd,160,FAIL,
2026-09-28T20:06:25.407+00:00,agent,fwd,161,FAIL,
2026-09-28T20:06:25.407+00:00,agent,fwd,162,FAIL,
2026-09-28T20:06:25.407+00:00,agent,fwd,163,FAIL,
2026-09-28T20:06:28.479+00:00,agent,fwd,164,FAIL,
2026-09-28T20:06:28.480+00:00,agent,fwd,165,FAIL,
2026-09-28T20:06:28.480+00:00,agent,fwd,166,FAIL,
2026-09-28T20:06:28.480+00:00,agent,fwd,167,FAIL,
2026-09-28T20:06:28.480+00:00,agent,fwd,168,FAIL,
2026-09-28T20:06:31.551+00:00,agent,fwd,169,FAIL,
2026-09-28T20:06:31.551+00:00,agent,fwd,170,FAIL,
2026-09-28T20:06:31.551+00:00,agent,fwd,171,FAIL,
2026-09-28T20:06:31.551+00:00,agent,fwd,172,FAIL,
2026-09-28T20:06:31.551+00:00,agent,fwd,173,FAIL,
2026-09-28T20:06:34.619+00:00,agent,fwd,174,FAIL,
2026-09-28T20:06:34.619+00:00,agent,fwd,175,FAIL,
2026-09-28T20:06:34.619+00:00,agent,fwd,176,FAIL,
2026-09-28T20:06:34.619+00:00,agent,fwd,177,FAIL,
2026-09-28T20:06:34.619+00:00,agent,fwd,178,FAIL,
2026-09-28T20:06:37.691+00:00,agent,fwd,179,FAIL,
2026-09-28T20:06:37.691+00:00,agent,fwd,180,FAIL,
2026-09-28T20:06:37.691+00:00,agent,fwd,181,FAIL,
2026-09-28T20:06:37.691+00:00,agent,fwd,182,FAIL,
2026-09-28T20:06:37.691+00:00,agent,fwd,183,FAIL,
2026-09-28T20:06:40.763+00:00,agent,fwd,184,FAIL,
2026-09-28T20:06:40.763+00:00,agent,fwd,185,FAIL,
2026-09-28T20:06:40.763+00:00,agent,fwd,186,FAIL,
2026-09-28T20:06:40.763+00:00,agent,fwd,187,FAIL,
2026-09-28T20:06:40.763+00:00,agent,fwd,188,FAIL,
2026-09-28T20:06:43.840+00:00,agent,fwd,190,FAIL,
2026-09-28T20:06:43.840+00:00,agent,fwd,191,FAIL,
2026-09-28T20:06:43.840+00:00,agent,fwd,192,FAIL,
2026-09-28T20:06:43.840+00:00,agent,fwd,193,FAIL,
2026-09-28T20:06:43.840+00:00,agent,fwd,194,FAIL,
2026-09-28T20:06:46.907+00:00,agent,fwd,195,FAIL,
2026-09-28T20:06:46.907+00:00,agent,fwd,196,FAIL,
2026-09-28T20:06:46.907+00:00,agent,fwd,197,FAIL,
2026-09-28T20:06:46.908+00:00,agent,fwd,198,FAIL,
2026-09-28T20:06:46.908+00:00,agent,fwd,199,FAIL,
2026-09-28T20:06:49.979+00:00,agent,fwd,200,FAIL,
2026-09-28T20:06:49.979+00:00,agent,fwd,201,FAIL,
2026-09-28T20:06:49.979+00:00,agent,fwd,202,FAIL,
2026-09-28T20:06:49.979+00:00,agent,fwd,203,FAIL,
2026-09-28T20:06:49.979+00:00,agent,fwd,204,FAIL,
2026-09-28T20:06:53.051+00:00,agent,fwd,205,FAIL,
2026-09-28T20:06:53.051+00:00,agent,fwd,206,FAIL,
2026-09-28T20:06:53.051+00:00,agent,fwd,207,FAIL,
2026-09-28T20:06:53.051+00:00,agent,fwd,208,FAIL,
2026-09-28T20:06:53.051+00:00,agent,fwd,209,FAIL,
2026-09-28T20:06:56.123+00:00,agent,fwd,210,FAIL,
2026-09-28T20:06:56.123+00:00,agent,fwd,211,FAIL,
2026-09-28T20:06:56.123+00:00,agent,fwd,212,FAIL,
2026-09-28T20:06:56.123+00:00,agent,fwd,213,FAIL,
2026-09-28T20:06:56.123+00:00,agent,fwd,214,FAIL,
2026-09-28T20:06:59.195+00:00,agent,fwd,215,FAIL,
2026-09-28T20:06:59.195+00:00,agent,fwd,216,FAIL,
2026-09-28T20:06:59.195+00:00,agent,fwd,217,FAIL,
2026-09-28T20:06:59.195+00:00,agent,fwd,218,FAIL,
2026-09-28T20:06:59.195+00:00,agent,fwd,219,FAIL,
2026-09-28T20:07:02.267+00:00,agent,fwd,220,FAIL,
2026-09-28T20:07:02.267+00:00,agent,fwd,221,FAIL,
2026-09-28T20:07:02.267+00:00,agent,fwd,222,FAIL,
2026-09-28T20:07:02.267+00:00,agent,fwd,223,FAIL,
2026-09-28T20:07:02.267+00:00,agent,fwd,224,FAIL,
2026-09-28T20:07:05.339+00:00,agent,fwd,225,FAIL,
2026-09-28T20:07:05.339+00:00,agent,fwd,226,FAIL,
2026-09-28T20:07:05.339+00:00,agent,fwd,227,FAIL,
2026-09-28T20:07:05.339+00:00,agent,fwd,228,FAIL,
2026-09-28T20:07:05.339+00:00,agent,fwd,229,FAIL,
2026-09-28T20:07:08.411+00:00,agent,fwd,230,FAIL,
2026-09-28T20:07:08.411+00:00,agent,fwd,231,FAIL,
2026-09-28T20:07:08.411+00:00,agent,fwd,232,FAIL,
2026-09-28T20:07:08.411+00:00,agent,fwd,233,FAIL,
2026-09-28T20:07:08.411+00:00,agent,fwd,234,FAIL,
2026-09-28T20:07:11.483+00:00,agent,fwd,236,FAIL,
2026-09-28T20:07:11.483+00:00,agent,fwd,237,FAIL,
2026-09-28T20:07:11.483+00:00,agent,fwd,238,FAIL,
2026-09-28T20:07:11.483+00:00,agent,fwd,239,FAIL,
2026-09-28T20:07:11.483+00:00,agent,fwd,240,FAIL,
2026-09-28T20:07:14.555+00:00,agent,fwd,241,FAIL,
2026-09-28T20:07:14.555+00:00,agent,fwd,242,FAIL,
2026-09-28T20:07:14.555+00:00,agent,fwd,243,FAIL,
2026-09-28T20:07:14.555+00:00,agent,fwd,244,FAIL,
2026-09-28T20:07:14.555+00:00,agent,fwd,245,FAIL,
2026-09-28T20:07:17.628+00:00,agent,fwd,246,FAIL,
2026-09-28T20:07:17.628+00:00,agent,fwd,247,FAIL,
2026-09-28T20:07:17.628+00:00,agent,fwd,248,FAIL,
2026-09-28T20:07:17.628+00:00,agent,fwd,249,FAIL,
2026-09-28T20:07:17.628+00:00,agent,fwd,250,FAIL,
2026-09-28T20:07:20.699+00:00,agent,fwd,251,FAIL,
2026-09-28T20:07:20.699+00:00,agent,fwd,252,FAIL,
2026-09-28T20:07:20.699+00:00,agent,fwd,253,FAIL,
2026-09-28T20:07:20.699+00:00,agent,fwd,254,FAIL,
2026-09-28T20:07:20.699+00:00,agent,fwd,255,FAIL,
2026-09-28T20:07:23.771+00:00,agent,fwd,256,FAIL,
2026-09-28T20:07:23.771+00:00,agent,fwd,257,FAIL,
2026-09-28T20:07:23.771+00:00,agent,fwd,258,FAIL,
2026-09-28T20:07:23.771+00:00,agent,fwd,259,FAIL,
2026-09-28T20:07:23.771+00:00,agent,fwd,260,FAIL,
2026-09-28T20:07:26.847+00:00,agent,fwd,261,FAIL,
2026-09-28T20:07:26.848+00:00,agent,fwd,262,FAIL,
2026-09-28T20:07:26.848+00:00,agent,fwd,263,FAIL,
2026-09-28T20:07:26.848+00:00,agent,fwd,264,FAIL,
2026-09-28T20:07:26.848+00:00,agent,fwd,265,FAIL,
2026-09-28T20:07:29.915+00:00,agent,fwd,266,FAIL,
2026-09-28T20:07:29.916+00:00,agent,fwd,267,FAIL,
2026-09-28T20:07:29.916+00:00,agent,fwd,268,FAIL,
2026-09-28T20:07:29.916+00:00,agent,fwd,269,FAIL,
2026-09-28T20:07:29.916+00:00,agent,fwd,270,FAIL,
2026-09-28T20:07:33.183+00:00,agent,fwd,272,FAIL,
2026-09-28T20:07:33.183+00:00,agent,fwd,273,FAIL,
2026-09-28T20:07:33.183+00:00,agent,fwd,274,FAIL,
2026-09-28T20:07:33.183+00:00,agent,fwd,275,FAIL,
2026-09-28T20:07:33.183+00:00,agent,fwd,276,FAIL,
2026-09-28T20:07:36.315+00:00,agent,fwd,278,FAIL,
2026-09-28T20:07:36.315+00:00,agent,fwd,279,FAIL,
2026-09-28T20:07:36.315+00:00,agent,fwd,280,FAIL,
2026-09-28T20:07:36.315+00:00,agent,fwd,281,FAIL,
2026-09-28T20:07:36.315+00:00,agent,fwd,282,FAIL,
2026-09-28T20:07:39.387+00:00,agent,fwd,283,FAIL,
2026-09-28T20:07:39.387+00:00,agent,fwd,284,FAIL,
2026-09-28T20:07:39.387+00:00,agent,fwd,285,FAIL,
2026-09-28T20:07:39.387+00:00,agent,fwd,286,FAIL,
2026-09-28T20:07:39.387+00:00,agent,fwd,287,FAIL,
2026-09-28T20:07:42.592+00:00,agent,fwd,289,FAIL,
2026-09-28T20:07:42.592+00:00,agent,fwd,290,FAIL,
2026-09-28T20:07:42.592+00:00,agent,fwd,291,FAIL,
2026-09-28T20:07:42.592+00:00,agent,fwd,292,FAIL,
2026-09-28T20:07:42.592+00:00,agent,fwd,293,FAIL,
2026-09-28T20:07:45.659+00:00,agent,fwd,295,FAIL,
2026-09-28T20:07:45.659+00:00,agent,fwd,296,FAIL,
2026-09-28T20:07:45.659+00:00,agent,fwd,297,FAIL,
2026-09-28T20:07:45.659+00:00,agent,fwd,298,FAIL,
2026-09-28T20:07:45.659+00:00,agent,fwd,299,FAIL,
2026-09-28T20:07:48.731+00:00,agent,fwd,300,FAIL,
2026-09-28T20:07:48.732+00:00,agent,fwd,301,FAIL,
2026-09-28T20:07:48.732+00:00,agent,fwd,302,FAIL,
2026-09-28T20:07:48.732+00:00,agent,fwd,303,FAIL,
2026-09-28T20:07:48.732+00:00,agent,fwd,304,FAIL,
2026-09-28T20:07:51.808+00:00,agent,fwd,306,FAIL,
2026-09-28T20:07:51.808+00:00,agent,fwd,307,FAIL,
2026-09-28T20:07:51.808+00:00,agent,fwd,308,FAIL,
2026-09-28T20:07:51.808+00:00,agent,fwd,309,FAIL,
2026-09-28T20:07:51.808+00:00,agent,fwd,310,FAIL,
2026-09-28T20:07:54.879+00:00,agent,fwd,312,FAIL,
2026-09-28T20:07:54.880+00:00,agent,fwd,313,FAIL,
2026-09-28T20:07:54.880+00:00,agent,fwd,314,FAIL,
2026-09-28T20:07:54.880+00:00,agent,fwd,315,FAIL,
2026-09-28T20:07:54.880+00:00,agent,fwd,316,FAIL,
2026-09-28T20:07:58.075+00:00,agent,fwd,318,FAIL,
2026-09-28T20:07:58.075+00:00,agent,fwd,319,FAIL,
2026-09-28T20:07:58.075+00:00,agent,fwd,320,FAIL,
2026-09-28T20:07:58.075+00:00,agent,fwd,321,FAIL,
2026-09-28T20:07:58.075+00:00,agent,fwd,322,FAIL,
2026-09-28T20:08:01.147+00:00,agent,fwd,323,FAIL,
2026-09-28T20:08:01.147+00:00,agent,fwd,324,FAIL,
2026-09-28T20:08:01.147+00:00,agent,fwd,325,FAIL,
2026-09-28T20:08:01.147+00:00,agent,fwd,326,FAIL,
2026-09-28T20:08:01.147+00:00,agent,fwd,327,FAIL,
2026-09-28T20:08:04.219+00:00,agent,fwd,328,FAIL,
2026-09-28T20:08:04.219+00:00,agent,fwd,329,FAIL,
2026-09-28T20:08:04.219+00:00,agent,fwd,330,FAIL,
2026-09-28T20:08:04.219+00:00,agent,fwd,331,FAIL,
2026-09-28T20:08:04.219+00:00,agent,fwd,332,FAIL,
2026-09-28T20:08:07.291+00:00,agent,fwd,334,FAIL,
2026-09-28T20:08:07.291+00:00,agent,fwd,335,FAIL,
2026-09-28T20:08:07.291+00:00,agent,fwd,336,FAIL,
2026-09-28T20:08:07.291+00:00,agent,fwd,337,FAIL,
2026-09-28T20:08:07.291+00:00,agent,fwd,338,FAIL,
2026-09-28T20:08:10.363+00:00,agent,fwd,339,FAIL,
2026-09-28T20:08:10.363+00:00,agent,fwd,340,FAIL,
2026-09-28T20:08:10.363+00:00,agent,fwd,341,FAIL,
2026-09-28T20:08:10.363+00:00,agent,fwd,342,FAIL,
2026-09-28T20:08:10.363+00:00,agent,fwd,343,FAIL,
2026-09-28T20:08:13.435+00:00,agent,fwd,344,FAIL,
2026-09-28T20:08:13.435+00:00,agent,fwd,345,FAIL,
2026-09-28T20:08:13.435+00:00,agent,fwd,346,FAIL,
2026-09-28T20:08:13.435+00:00,agent,fwd,347,FAIL,
2026-09-28T20:08:13.435+00:00,agent,fwd,348,FAIL,
2026-09-28T20:08:16.511+00:00,agent,fwd,349,FAIL,
2026-09-28T20:08:16.511+00:00,agent,fwd,350,FAIL,
2026-09-28T20:08:16.511+00:00,agent,fwd,351,FAIL,
2026-09-28T20:08:16.511+00:00,agent,fwd,352,FAIL,
2026-09-28T20:08:16.511+00:00,agent,fwd,353,FAIL,
2026-09-28T20:08:19.579+00:00,agent,fwd,354,FAIL,
2026-09-28T20:08:19.579+00:00,agent,fwd,355,FAIL,
2026-09-28T20:08:19.579+00:00,agent,fwd,356,FAIL,
2026-09-28T20:08:19.579+00:00,agent,fwd,357,FAIL,
2026-09-28T20:08:22.651+00:00,agent,fwd,360,FAIL,
2026-09-28T20:08:22.651+00:00,agent,fwd,361,FAIL,
2026-09-28T20:08:22.651+00:00,agent,fwd,362,FAIL,
2026-09-28T20:08:22.651+00:00,agent,fwd,363,FAIL,
2026-09-28T20:08:22.651+00:00,agent,fwd,364,FAIL,
2026-09-28T20:08:25.728+00:00,agent,fwd,365,FAIL,
2026-09-28T20:08:25.729+00:00,agent,fwd,366,FAIL,
2026-09-28T20:08:25.729+00:00,agent,fwd,367,FAIL,
2026-09-28T20:08:25.729+00:00,agent,fwd,368,FAIL,
2026-09-28T20:08:25.729+00:00,agent,fwd,369,FAIL,
2026-09-28T20:08:28.860+00:00,agent,fwd,371,FAIL,
2026-09-28T20:08:28.860+00:00,agent,fwd,372,FAIL,
2026-09-28T20:08:28.860+00:00,agent,fwd,373,FAIL,
2026-09-28T20:08:28.860+00:00,agent,fwd,374,FAIL,
2026-09-28T20:08:28.860+00:00,agent,fwd,375,FAIL,
2026-09-28T20:08:31.931+00:00,agent,fwd,376,FAIL,
2026-09-28T20:08:31.931+00:00,agent,fwd,377,FAIL,
2026-09-28T20:08:31.931+00:00,agent,fwd,378,FAIL,
2026-09-28T20:08:31.931+00:00,agent,fwd,379,FAIL,
2026-09-28T20:08:31.932+00:00,agent,fwd,380,FAIL,
2026-09-28T20:08:35.003+00:00,agent,fwd,381,FAIL,
2026-09-28T20:08:35.003+00:00,agent,fwd,382,FAIL,
2026-09-28T20:08:35.003+00:00,agent,fwd,383,FAIL,
2026-09-28T20:08:35.003+00:00,agent,fwd,384,FAIL,
2026-09-28T20:08:35.003+00:00,agent,fwd,385,FAIL,
2026-09-28T20:08:38.075+00:00,agent,fwd,387,FAIL,
2026-09-28T20:08:38.075+00:00,agent,fwd,388,FAIL,
2026-09-28T20:08:38.075+00:00,agent,fwd,389,FAIL,
2026-09-28T20:08:38.075+00:00,agent,fwd,390,FAIL,
2026-09-28T20:08:38.075+00:00,agent,fwd,391,FAIL,
2026-09-28T20:08:41.149+00:00,agent,fwd,392,FAIL,
2026-09-28T20:08:41.150+00:00,agent,fwd,393,FAIL,
2026-09-28T20:08:41.150+00:00,agent,fwd,394,FAIL,
2026-09-28T20:08:41.150+00:00,agent,fwd,395,FAIL,
2026-09-28T20:08:41.150+00:00,agent,fwd,396,FAIL,
2026-09-28T20:08:44.351+00:00,agent,fwd,398,FAIL,
2026-09-28T20:08:44.351+00:00,agent,fwd,399,FAIL,
2026-09-28T20:08:44.351+00:00,agent,fwd,400,FAIL,
2026-09-28T20:08:44.351+00:00,agent,fwd,401,FAIL,
2026-09-28T20:08:44.351+00:00,agent,fwd,402,FAIL,
2026-09-28T20:08:47.483+00:00,agent,fwd,404,FAIL,
2026-09-28T20:08:47.483+00:00,agent,fwd,405,FAIL,
2026-09-28T20:08:47.483+00:00,agent,fwd,406,FAIL,
2026-09-28T20:08:47.483+00:00,agent,fwd,407,FAIL,
2026-09-28T20:08:47.483+00:00,agent,fwd,408,FAIL,
2026-09-28T20:08:50.651+00:00,agent,fwd,410,FAIL,
2026-09-28T20:08:50.651+00:00,agent,fwd,411,FAIL,
2026-09-28T20:08:50.651+00:00,agent,fwd,412,FAIL,
2026-09-28T20:08:50.651+00:00,agent,fwd,413,FAIL,
2026-09-28T20:08:50.651+00:00,agent,fwd,414,FAIL,
2026-09-28T20:08:53.724+00:00,agent,fwd,415,FAIL,
2026-09-28T20:08:53.724+00:00,agent,fwd,416,FAIL,
2026-09-28T20:08:53.724+00:00,agent,fwd,417,FAIL,
2026-09-28T20:08:53.724+00:00,agent,fwd,418,FAIL,
2026-09-28T20:08:53.724+00:00,agent,fwd,419,FAIL,
2026-09-28T20:08:56.797+00:00,agent,fwd,420,FAIL,
2026-09-28T20:08:56.797+00:00,agent,fwd,421,FAIL,
2026-09-28T20:08:56.797+00:00,agent,fwd,422,FAIL,
2026-09-28T20:08:56.798+00:00,agent,fwd,423,FAIL,
2026-09-28T20:08:56.798+00:00,agent,fwd,424,FAIL,
2026-09-28T20:08:59.867+00:00,agent,fwd,425,FAIL,
2026-09-28T20:08:59.867+00:00,agent,fwd,426,FAIL,
2026-09-28T20:08:59.867+00:00,agent,fwd,427,FAIL,
2026-09-28T20:08:59.867+00:00,agent,fwd,428,FAIL,
2026-09-28T20:08:59.867+00:00,agent,fwd,429,FAIL,
2026-09-28T20:09:02.943+00:00,agent,fwd,430,FAIL,
2026-09-28T20:09:02.943+00:00,agent,fwd,431,FAIL,
2026-09-28T20:09:02.943+00:00,agent,fwd,432,FAIL,
2026-09-28T20:09:02.943+00:00,agent,fwd,433,FAIL,
2026-09-28T20:09:02.943+00:00,agent,fwd,434,FAIL,
2026-09-28T20:09:06.011+00:00,agent,fwd,435,FAIL,
2026-09-28T20:09:06.012+00:00,agent,fwd,436,FAIL,
2026-09-28T20:09:06.012+00:00,agent,fwd,437,FAIL,
2026-09-28T20:09:06.012+00:00,agent,fwd,438,FAIL,
2026-09-28T20:09:06.012+00:00,agent,fwd,439,FAIL,
2026-09-28T20:09:09.083+00:00,agent,fwd,440,FAIL,
2026-09-28T20:09:09.083+00:00,agent,fwd,441,FAIL,
2026-09-28T20:09:09.083+00:00,agent,fwd,442,FAIL,
2026-09-28T20:09:09.083+00:00,agent,fwd,443,FAIL,
2026-09-28T20:09:09.083+00:00,agent,fwd,444,FAIL,
2026-09-28T20:09:12.156+00:00,agent,fwd,445,FAIL,
2026-09-28T20:09:12.156+00:00,agent,fwd,446,FAIL,
2026-09-28T20:09:12.156+00:00,agent,fwd,447,FAIL,
2026-09-28T20:09:12.156+00:00,agent,fwd,448,FAIL,
2026-09-28T20:09:12.156+00:00,agent,fwd,449,FAIL,
2026-09-28T20:09:15.355+00:00,agent,fwd,451,FAIL,
2026-09-28T20:09:15.355+00:00,agent,fwd,452,FAIL,
2026-09-28T20:09:15.355+00:00,agent,fwd,453,FAIL,
2026-09-28T20:09:15.355+00:00,agent,fwd,454,FAIL,
2026-09-28T20:09:15.355+00:00,agent,fwd,455,FAIL,
2026-09-28T20:09:18.427+00:00,agent,fwd,456,FAIL,
2026-09-28T20:09:18.427+00:00,agent,fwd,457,FAIL,
2026-09-28T20:09:18.427+00:00,agent,fwd,458,FAIL,
2026-09-28T20:09:18.427+00:00,agent,fwd,459,FAIL,
2026-09-28T20:09:18.427+00:00,agent,fwd,460,FAIL,
2026-09-28T20:09:21.500+00:00,agent,fwd,461,FAIL,
2026-09-28T20:09:21.500+00:00,agent,fwd,462,FAIL,
2026-09-28T20:09:21.500+00:00,agent,fwd,463,FAIL,
2026-09-28T20:09:21.500+00:00,agent,fwd,464,FAIL,
2026-09-28T20:09:21.500+00:00,agent,fwd,465,FAIL,
2026-09-28T20:09:24.572+00:00,agent,fwd,467,FAIL,
2026-09-28T20:09:24.572+00:00,agent,fwd,468,FAIL,
2026-09-28T20:09:24.572+00:00,agent,fwd,469,FAIL,
2026-09-28T20:09:24.572+00:00,agent,fwd,470,FAIL,
2026-09-28T20:09:24.572+00:00,agent,fwd,471,FAIL,
2026-09-28T20:09:27.643+00:00,agent,fwd,472,FAIL,
2026-09-28T20:09:27.643+00:00,agent,fwd,473,FAIL,
2026-09-28T20:09:27.643+00:00,agent,fwd,474,FAIL,
2026-09-28T20:09:27.643+00:00,agent,fwd,475,FAIL,
2026-09-28T20:09:27.643+00:00,agent,fwd,476,FAIL,
2026-09-28T20:09:30.715+00:00,agent,fwd,477,FAIL,
2026-09-28T20:09:30.715+00:00,agent,fwd,478,FAIL,
2026-09-28T20:09:30.715+00:00,agent,fwd,479,FAIL,
2026-09-28T20:09:30.715+00:00,agent,fwd,480,FAIL,
2026-09-28T20:09:30.715+00:00,agent,fwd,481,FAIL,
2026-09-28T20:09:33.787+00:00,agent,fwd,482,FAIL,
2026-09-28T20:09:33.787+00:00,agent,fwd,483,FAIL,
2026-09-28T20:09:33.787+00:00,agent,fwd,484,FAIL,
2026-09-28T20:09:33.788+00:00,agent,fwd,485,FAIL,
2026-09-28T20:09:33.788+00:00,agent,fwd,486,FAIL,
2026-09-28T20:09:36.861+00:00,agent,fwd,487,FAIL,
2026-09-28T20:09:36.861+00:00,agent,fwd,488,FAIL,
2026-09-28T20:09:36.861+00:00,agent,fwd,489,FAIL,
2026-09-28T20:09:36.861+00:00,agent,fwd,490,FAIL,
2026-09-28T20:09:36.861+00:00,agent,fwd,491,FAIL,
2026-09-28T20:09:39.931+00:00,agent,fwd,493,FAIL,
2026-09-28T20:09:39.931+00:00,agent,fwd,494,FAIL,
2026-09-28T20:09:39.931+00:00,agent,fwd,495,FAIL,
2026-09-28T20:09:39.931+00:00,agent,fwd,496,FAIL,
2026-09-28T20:09:39.931+00:00,agent,fwd,497,FAIL,
2026-09-28T20:09:43.003+00:00,agent,fwd,498,FAIL,
2026-09-28T20:09:43.003+00:00,agent,fwd,499,FAIL,
2026-09-28T20:09:43.003+00:00,agent,fwd,500,FAIL,
2026-09-28T20:09:43.003+00:00,agent,fwd,501,FAIL,
2026-09-28T20:09:43.003+00:00,agent,fwd,502,FAIL,
2026-09-28T20:09:46.075+00:00,agent,fwd,503,FAIL,
2026-09-28T20:09:46.075+00:00,agent,fwd,504,FAIL,
2026-09-28T20:09:46.075+00:00,agent,fwd,505,FAIL,
2026-09-28T20:09:46.075+00:00,agent,fwd,506,FAIL,
2026-09-28T20:09:46.075+00:00,agent,fwd,507,FAIL,
2026-09-28T20:09:49.275+00:00,agent,fwd,509,FAIL,
2026-09-28T20:09:49.276+00:00,agent,fwd,510,FAIL,
2026-09-28T20:09:49.276+00:00,agent,fwd,511,FAIL,
2026-09-28T20:09:49.276+00:00,agent,fwd,512,FAIL,
2026-09-28T20:09:49.276+00:00,agent,fwd,513,FAIL,
2026-09-28T20:09:52.347+00:00,agent,fwd,515,FAIL,
2026-09-28T20:09:52.347+00:00,agent,fwd,516,FAIL,
2026-09-28T20:09:52.347+00:00,agent,fwd,517,FAIL,
2026-09-28T20:09:52.347+00:00,agent,fwd,518,FAIL,
2026-09-28T20:09:52.347+00:00,agent,fwd,519,FAIL,
2026-09-28T20:09:55.419+00:00,agent,fwd,520,FAIL,
2026-09-28T20:09:55.419+00:00,agent,fwd,521,FAIL,
2026-09-28T20:09:55.419+00:00,agent,fwd,522,FAIL,
2026-09-28T20:09:55.419+00:00,agent,fwd,523,FAIL,
2026-09-28T20:09:55.419+00:00,agent,fwd,524,FAIL,
2026-09-28T20:09:58.492+00:00,agent,fwd,525,FAIL,
2026-09-28T20:09:58.492+00:00,agent,fwd,526,FAIL,
2026-09-28T20:09:58.492+00:00,agent,fwd,527,FAIL,
2026-09-28T20:09:58.492+00:00,agent,fwd,528,FAIL,
2026-09-28T20:09:58.492+00:00,agent,fwd,529,FAIL,
2026-09-28T20:10:01.563+00:00,agent,fwd,531,FAIL,
2026-09-28T20:10:01.563+00:00,agent,fwd,532,FAIL,
2026-09-28T20:10:01.563+00:00,agent,fwd,533,FAIL,
2026-09-28T20:10:01.563+00:00,agent,fwd,534,FAIL,
2026-09-28T20:10:01.563+00:00,agent,fwd,535,FAIL,
2026-09-28T20:10:04.635+00:00,agent,fwd,536,FAIL,
2026-09-28T20:10:04.635+00:00,agent,fwd,537,FAIL,
2026-09-28T20:10:04.635+00:00,agent,fwd,538,FAIL,
2026-09-28T20:10:04.635+00:00,agent,fwd,539,FAIL,
2026-09-28T20:10:04.635+00:00,agent,fwd,540,FAIL,
2026-09-28T20:10:07.708+00:00,agent,fwd,541,FAIL,
2026-09-28T20:10:07.708+00:00,agent,fwd,542,FAIL,
2026-09-28T20:10:07.708+00:00,agent,fwd,543,FAIL,
2026-09-28T20:10:07.708+00:00,agent,fwd,544,FAIL,
2026-09-28T20:10:07.708+00:00,agent,fwd,545,FAIL,
2026-09-28T20:10:10.779+00:00,agent,fwd,546,FAIL,
2026-09-28T20:10:10.779+00:00,agent,fwd,547,FAIL,
2026-09-28T20:10:10.779+00:00,agent,fwd,548,FAIL,
2026-09-28T20:10:10.779+00:00,agent,fwd,549,FAIL,
2026-09-28T20:10:10.779+00:00,agent,fwd,550,FAIL,
2026-09-28T20:10:13.851+00:00,agent,fwd,551,FAIL,
2026-09-28T20:10:13.851+00:00,agent,fwd,552,FAIL,
2026-09-28T20:10:13.851+00:00,agent,fwd,553,FAIL,
2026-09-28T20:10:13.851+00:00,agent,fwd,554,FAIL,
2026-09-28T20:10:13.851+00:00,agent,fwd,555,FAIL,
2026-09-28T20:10:16.923+00:00,agent,fwd,556,FAIL,
2026-09-28T20:10:16.923+00:00,agent,fwd,557,FAIL,
2026-09-28T20:10:16.923+00:00,agent,fwd,558,FAIL,
2026-09-28T20:10:16.923+00:00,agent,fwd,559,FAIL,
2026-09-28T20:10:16.923+00:00,agent,fwd,560,FAIL,
2026-09-28T20:10:20.000+00:00,agent,fwd,561,FAIL,
2026-09-28T20:10:20.000+00:00,agent,fwd,562,FAIL,
2026-09-28T20:10:20.000+00:00,agent,fwd,563,FAIL,
2026-09-28T20:10:20.000+00:00,agent,fwd,564,FAIL,
2026-09-28T20:10:20.000+00:00,agent,fwd,565,FAIL,
2026-09-28T20:10:23.071+00:00,agent,fwd,566,FAIL,
2026-09-28T20:10:23.071+00:00,agent,fwd,567,FAIL,
2026-09-28T20:10:23.071+00:00,agent,fwd,568,FAIL,
2026-09-28T20:10:23.071+00:00,agent,fwd,569,FAIL,
2026-09-28T20:10:23.071+00:00,agent,fwd,570,FAIL,
2026-09-28T20:10:26.139+00:00,agent,fwd,572,FAIL,
2026-09-28T20:10:26.139+00:00,agent,fwd,573,FAIL,
2026-09-28T20:10:26.139+00:00,agent,fwd,574,FAIL,
2026-09-28T20:10:26.139+00:00,agent,fwd,575,FAIL,
2026-09-28T20:10:26.139+00:00,agent,fwd,576,FAIL,
2026-09-28T20:10:29.212+00:00,agent,fwd,577,FAIL,
2026-09-28T20:10:29.213+00:00,agent,fwd,578,FAIL,
2026-09-28T20:10:29.213+00:00,agent,fwd,579,FAIL,
2026-09-28T20:10:29.213+00:00,agent,fwd,580,FAIL,
2026-09-28T20:10:29.213+00:00,agent,fwd,581,FAIL,
2026-09-28T20:10:32.443+00:00,agent,fwd,583,FAIL,
2026-09-28T20:10:32.443+00:00,agent,fwd,584,FAIL,
2026-09-28T20:10:32.443+00:00,agent,fwd,585,FAIL,
2026-09-28T20:10:32.443+00:00,agent,fwd,586,FAIL,
2026-09-28T20:10:32.443+00:00,agent,fwd,587,FAIL,
2026-09-28T20:10:35.515+00:00,agent,fwd,588,FAIL,
2026-09-28T20:10:35.515+00:00,agent,fwd,589,FAIL,
2026-09-28T20:10:35.515+00:00,agent,fwd,590,FAIL,
2026-09-28T20:10:35.515+00:00,agent,fwd,591,FAIL,
2026-09-28T20:10:35.515+00:00,agent,fwd,592,FAIL,
2026-09-28T20:10:38.587+00:00,agent,fwd,593,FAIL,
2026-09-28T20:10:38.587+00:00,agent,fwd,594,FAIL,
2026-09-28T20:10:38.587+00:00,agent,fwd,595,FAIL,
2026-09-28T20:10:38.587+00:00,agent,fwd,596,FAIL,
2026-09-28T20:10:38.587+00:00,agent,fwd,597,FAIL,
2026-09-28T20:10:41.663+00:00,agent,fwd,598,FAIL,
2026-09-28T20:10:41.663+00:00,agent,fwd,599,FAIL,
2026-09-28T20:10:41.663+00:00,agent,fwd,600,FAIL,
2026-09-28T20:10:41.663+00:00,agent,fwd,601,FAIL,
2026-09-28T20:10:41.663+00:00,agent,fwd,602,FAIL,
2026-09-28T20:10:44.799+00:00,agent,fwd,604,FAIL,
2026-09-28T20:10:44.799+00:00,agent,fwd,605,FAIL,
2026-09-28T20:10:44.799+00:00,agent,fwd,606,FAIL,
2026-09-28T20:10:44.799+00:00,agent,fwd,607,FAIL,
2026-09-28T20:10:44.799+00:00,agent,fwd,608,FAIL,
2026-09-28T20:10:47.871+00:00,agent,fwd,609,FAIL,
2026-09-28T20:10:47.871+00:00,agent,fwd,610,FAIL,
2026-09-28T20:10:47.871+00:00,agent,fwd,611,FAIL,
2026-09-28T20:10:47.871+00:00,agent,fwd,612,FAIL,
2026-09-28T20:10:47.871+00:00,agent,fwd,613,FAIL,
2026-09-28T20:10:50.939+00:00,agent,fwd,614,FAIL,
2026-09-28T20:10:50.939+00:00,agent,fwd,615,FAIL,
2026-09-28T20:10:50.939+00:00,agent,fwd,616,FAIL,
2026-09-28T20:10:50.939+00:00,agent,fwd,617,FAIL,
2026-09-28T20:10:50.939+00:00,agent,fwd,618,FAIL,
2026-09-28T20:10:54.015+00:00,agent,fwd,619,FAIL,
2026-09-28T20:10:54.015+00:00,agent,fwd,620,FAIL,
2026-09-28T20:10:54.015+00:00,agent,fwd,621,FAIL,
2026-09-28T20:10:54.015+00:00,agent,fwd,622,FAIL,
2026-09-28T20:10:54.015+00:00,agent,fwd,623,FAIL,
2026-09-28T20:10:57.083+00:00,agent,fwd,625,FAIL,
2026-09-28T20:10:57.083+00:00,agent,fwd,626,FAIL,
2026-09-28T20:10:57.084+00:00,agent,fwd,627,FAIL,
2026-09-28T20:10:57.084+00:00,agent,fwd,628,FAIL,
2026-09-28T20:10:57.084+00:00,agent,fwd,629,FAIL,
2026-09-28T20:11:00.155+00:00,agent,fwd,630,FAIL,
2026-09-28T20:11:00.155+00:00,agent,fwd,631,FAIL,
2026-09-28T20:11:00.155+00:00,agent,fwd,632,FAIL,
2026-09-28T20:11:00.155+00:00,agent,fwd,633,FAIL,
2026-09-28T20:11:00.155+00:00,agent,fwd,634,FAIL,
2026-09-28T20:11:03.227+00:00,agent,fwd,635,FAIL,
2026-09-28T20:11:03.227+00:00,agent,fwd,636,FAIL,
2026-09-28T20:11:03.227+00:00,agent,fwd,637,FAIL,
2026-09-28T20:11:03.227+00:00,agent,fwd,638,FAIL,
2026-09-28T20:11:03.227+00:00,agent,fwd,639,FAIL,
2026-09-28T20:11:06.299+00:00,agent,fwd,640,FAIL,
2026-09-28T20:11:06.299+00:00,agent,fwd,641,FAIL,
2026-09-28T20:11:06.299+00:00,agent,fwd,642,FAIL,
2026-09-28T20:11:06.299+00:00,agent,fwd,643,FAIL,
2026-09-28T20:11:06.299+00:00,agent,fwd,644,FAIL,
2026-09-28T20:11:09.371+00:00,agent,fwd,645,FAIL,
2026-09-28T20:11:09.371+00:00,agent,fwd,646,FAIL,
2026-09-28T20:11:09.371+00:00,agent,fwd,647,FAIL,
2026-09-28T20:11:09.371+00:00,agent,fwd,648,FAIL,
2026-09-28T20:11:09.371+00:00,agent,fwd,649,FAIL,
2026-09-28T20:11:12.447+00:00,agent,fwd,650,FAIL,
2026-09-28T20:11:12.447+00:00,agent,fwd,651,FAIL,
2026-09-28T20:11:12.447+00:00,agent,fwd,652,FAIL,
2026-09-28T20:11:12.447+00:00,agent,fwd,653,FAIL,
2026-09-28T20:11:12.447+00:00,agent,fwd,654,FAIL,
2026-09-28T20:11:15.515+00:00,agent,fwd,655,FAIL,
2026-09-28T20:11:15.515+00:00,agent,fwd,656,FAIL,
2026-09-28T20:11:15.515+00:00,agent,fwd,657,FAIL,
2026-09-28T20:11:15.515+00:00,agent,fwd,658,FAIL,
2026-09-28T20:11:15.515+00:00,agent,fwd,659,FAIL,
2026-09-28T20:11:18.587+00:00,agent,fwd,660,FAIL,
2026-09-28T20:11:18.588+00:00,agent,fwd,661,FAIL,
2026-09-28T20:11:18.588+00:00,agent,fwd,662,FAIL,
2026-09-28T20:11:18.588+00:00,agent,fwd,663,FAIL,
2026-09-28T20:11:18.588+00:00,agent,fwd,664,FAIL,
2026-09-28T20:11:21.659+00:00,agent,fwd,665,FAIL,
2026-09-28T20:11:21.659+00:00,agent,fwd,666,FAIL,
2026-09-28T20:11:21.659+00:00,agent,fwd,667,FAIL,
2026-09-28T20:11:21.659+00:00,agent,fwd,668,FAIL,
2026-09-28T20:11:21.659+00:00,agent,fwd,669,FAIL,
2026-09-28T20:11:22.360+00:00,agent,fwd,674,OK,0.322
2026-09-28T20:11:22.567+00:00,agent,fwd,675,OK,0.142
2026-09-28T20:11:22.771+00:00,agent,fwd,676,OK,0.216
2026-09-28T20:11:22.975+00:00,agent,fwd,677,OK,0.132
2026-09-28T20:11:23.179+00:00,agent,fwd,678,OK,0.218
2026-09-28T20:11:23.383+00:00,agent,fwd,679,OK,0.179
2026-09-28T20:11:23.587+00:00,agent,fwd,680,OK,0.126
2026-09-28T20:11:23.791+00:00,agent,fwd,681,OK,0.218
2026-09-28T20:11:23.995+00:00,agent,fwd,682,OK,0.189
2026-09-28T20:11:24.199+00:00,agent,fwd,683,OK,0.215
2026-09-28T20:11:24.403+00:00,agent,fwd,684,OK,0.140
2026-09-28T20:11:24.608+00:00,agent,fwd,685,OK,0.117
2026-09-28T20:11:24.735+00:00,agent,fwd,670,FAIL,
2026-09-28T20:11:24.735+00:00,agent,fwd,671,FAIL,
2026-09-28T20:11:24.735+00:00,agent,fwd,672,FAIL,
2026-09-28T20:11:24.735+00:00,agent,fwd,673,FAIL,
2026-09-28T20:11:24.809+00:00,agent,fwd,686,OK,0.121
2026-09-28T20:11:25.011+00:00,agent,fwd,687,OK,0.144
2026-09-28T20:11:25.215+00:00,agent,fwd,688,OK,0.142
2026-09-28T20:11:25.419+00:00,agent,fwd,689,OK,0.119
2026-09-28T20:11:25.623+00:00,agent,fwd,690,OK,0.154
2026-09-28T20:11:25.831+00:00,agent,fwd,691,OK,0.190
2026-09-28T20:11:26.035+00:00,agent,fwd,692,OK,0.199
2026-09-28T20:11:26.239+00:00,agent,fwd,693,OK,0.206
2026-09-28T20:11:26.443+00:00,agent,fwd,694,OK,0.125
2026-09-28T20:11:26.647+00:00,agent,fwd,695,OK,0.209
2026-09-28T20:11:26.851+00:00,agent,fwd,696,OK,0.262
2026-09-28T20:11:27.055+00:00,agent,fwd,697,OK,0.197
2026-09-28T20:11:27.259+00:00,agent,fwd,698,OK,0.212
2026-09-28T20:11:27.467+00:00,agent,fwd,699,OK,0.208
2026-09-28T20:11:27.672+00:00,agent,fwd,700,OK,0.192
2026-09-28T20:11:27.876+00:00,agent,fwd,701,OK,0.581
2026-09-28T20:11:28.079+00:00,agent,fwd,702,OK,0.258
2026-09-28T20:11:28.283+00:00,agent,fwd,703,OK,0.169
2026-09-28T20:11:28.487+00:00,agent,fwd,704,OK,0.202
2026-09-28T20:11:28.691+00:00,agent,fwd,705,OK,0.237
2026-09-28T20:11:28.895+00:00,agent,fwd,706,OK,0.199
2026-09-28T20:11:29.099+00:00,agent,fwd,707,OK,0.162
2026-09-28T20:11:29.303+00:00,agent,fwd,708,OK,0.192
2026-09-28T20:11:29.511+00:00,agent,fwd,709,OK,0.209
2026-09-28T20:11:29.715+00:00,agent,fwd,710,OK,0.203
2026-09-28T20:11:29.923+00:00,agent,fwd,711,OK,0.200
2026-09-28T20:11:30.131+00:00,agent,fwd,712,OK,0.137
2026-09-28T20:11:30.339+00:00,agent,fwd,713,OK,0.238
2026-09-28T20:11:30.548+00:00,agent,fwd,714,OK,0.231
2026-09-28T20:11:30.751+00:00,agent,fwd,715,OK,0.179
2026-09-28T20:11:30.955+00:00,agent,fwd,716,OK,0.157
2026-09-28T20:11:31.159+00:00,agent,fwd,717,OK,0.244
2026-09-28T20:11:31.363+00:00,agent,fwd,718,OK,0.185
2026-09-28T20:11:31.567+00:00,agent,fwd,719,OK,0.274
2026-09-28T20:11:31.771+00:00,agent,fwd,720,OK,0.212
2026-09-28T20:11:31.975+00:00,agent,fwd,721,OK,0.227
2026-09-28T20:11:32.181+00:00,agent,fwd,722,OK,0.211
2026-09-28T20:11:32.383+00:00,agent,fwd,723,OK,0.162
2026-09-28T20:11:32.587+00:00,agent,fwd,724,OK,0.215
2026-09-28T20:11:32.791+00:00,agent,fwd,725,OK,0.142
2026-09-28T20:11:32.995+00:00,agent,fwd,726,OK,0.148
2026-09-28T20:11:33.199+00:00,agent,fwd,727,OK,0.222
2026-09-28T20:11:33.403+00:00,agent,fwd,728,OK,0.196
2026-09-28T20:11:33.611+00:00,agent,fwd,729,OK,0.153
2026-09-28T20:11:33.811+00:00,agent,fwd,730,OK,0.186
2026-09-28T20:11:34.016+00:00,agent,fwd,731,OK,0.127
2026-09-28T20:11:34.220+00:00,agent,fwd,732,OK,0.392
2026-09-28T20:11:34.423+00:00,agent,fwd,733,OK,0.169
2026-09-28T20:11:34.631+00:00,agent,fwd,734,OK,0.184
2026-09-28T20:11:34.839+00:00,agent,fwd,735,OK,0.142
2026-09-28T20:11:35.043+00:00,agent,fwd,736,OK,0.162
2026-09-28T20:11:35.247+00:00,agent,fwd,737,OK,0.146
2026-09-28T20:11:35.451+00:00,agent,fwd,738,OK,0.246
2026-09-28T20:11:35.655+00:00,agent,fwd,739,OK,0.187
2026-09-28T20:11:35.863+00:00,agent,fwd,740,OK,0.189
2026-09-28T20:11:36.067+00:00,agent,fwd,741,OK,0.215
2026-09-28T20:11:36.271+00:00,agent,fwd,742,OK,0.158
2026-09-28T20:11:36.479+00:00,agent,fwd,743,OK,0.241
2026-09-28T20:11:36.687+00:00,agent,fwd,744,OK,0.300
2026-09-28T20:11:36.892+00:00,agent,fwd,745,OK,0.161
2026-09-28T20:11:37.095+00:00,agent,fwd,746,OK,0.204
2026-09-28T20:11:37.299+00:00,agent,fwd,747,OK,0.201
2026-09-28T20:11:37.507+00:00,agent,fwd,748,OK,0.209
2026-09-28T20:05:07.455+00:00,agent,rev,1,OK,0.510
2026-09-28T20:05:07.659+00:00,agent,rev,2,OK,0.300
2026-09-28T20:05:07.867+00:00,agent,rev,3,OK,0.168
2026-09-28T20:05:08.071+00:00,agent,rev,4,OK,0.239
2026-09-28T20:05:08.275+00:00,agent,rev,5,OK,0.170
2026-09-28T20:05:08.479+00:00,agent,rev,6,OK,0.164
2026-09-28T20:05:08.683+00:00,agent,rev,7,OK,0.164
2026-09-28T20:05:08.887+00:00,agent,rev,8,OK,0.166
2026-09-28T20:05:09.091+00:00,agent,rev,9,OK,0.237
2026-09-28T20:05:09.295+00:00,agent,rev,10,OK,0.236
2026-09-28T20:05:09.499+00:00,agent,rev,11,OK,0.155
2026-09-28T20:05:09.703+00:00,agent,rev,12,OK,0.134
2026-09-28T20:05:09.907+00:00,agent,rev,13,OK,0.233
2026-09-28T20:05:10.115+00:00,agent,rev,14,OK,0.327
2026-09-28T20:05:10.319+00:00,agent,rev,15,OK,0.173
2026-09-28T20:05:10.523+00:00,agent,rev,16,OK,0.240
2026-09-28T20:05:10.727+00:00,agent,rev,17,OK,0.225
2026-09-28T20:05:10.931+00:00,agent,rev,18,OK,0.237
2026-09-28T20:05:11.136+00:00,agent,rev,19,FAIL,
2026-09-28T20:05:30.780+00:00,agent,rev,100,FAIL,
2026-09-28T20:05:30.780+00:00,agent,rev,101,FAIL,
2026-09-28T20:05:30.780+00:00,agent,rev,102,FAIL,
2026-09-28T20:05:30.780+00:00,agent,rev,103,FAIL,
2026-09-28T20:05:30.780+00:00,agent,rev,104,FAIL,
2026-09-28T20:05:30.780+00:00,agent,rev,105,FAIL,
2026-09-28T20:05:33.883+00:00,agent,rev,115,FAIL,
2026-09-28T20:05:33.883+00:00,agent,rev,116,FAIL,
2026-09-28T20:05:33.884+00:00,agent,rev,117,FAIL,
2026-09-28T20:05:37.149+00:00,agent,rev,131,FAIL,
2026-09-28T20:05:37.149+00:00,agent,rev,132,FAIL,
2026-09-28T20:05:37.149+00:00,agent,rev,133,FAIL,
2026-09-28T20:05:40.411+00:00,agent,rev,147,FAIL,
2026-09-28T20:05:40.411+00:00,agent,rev,148,FAIL,
2026-09-28T20:05:40.411+00:00,agent,rev,149,FAIL,
2026-09-28T20:05:43.678+00:00,agent,rev,163,FAIL,
2026-09-28T20:05:43.678+00:00,agent,rev,164,FAIL,
2026-09-28T20:05:43.678+00:00,agent,rev,165,FAIL,
2026-09-28T20:05:46.747+00:00,agent,rev,179,FAIL,
2026-09-28T20:05:46.747+00:00,agent,rev,180,FAIL,
2026-09-28T20:05:46.747+00:00,agent,rev,181,FAIL,
2026-09-28T20:05:50.011+00:00,agent,rev,194,FAIL,
2026-09-28T20:05:50.011+00:00,agent,rev,195,FAIL,
2026-09-28T20:05:50.011+00:00,agent,rev,196,FAIL,
2026-09-28T20:05:50.011+00:00,agent,rev,197,FAIL,
2026-09-28T20:05:53.083+00:00,agent,rev,209,FAIL,
2026-09-28T20:05:53.083+00:00,agent,rev,210,FAIL,
2026-09-28T20:05:53.083+00:00,agent,rev,211,FAIL,
2026-09-28T20:05:56.155+00:00,agent,rev,224,FAIL,
2026-09-28T20:05:56.155+00:00,agent,rev,225,FAIL,
2026-09-28T20:05:56.155+00:00,agent,rev,226,FAIL,
2026-09-28T20:05:59.227+00:00,agent,rev,239,FAIL,
2026-09-28T20:05:59.227+00:00,agent,rev,240,FAIL,
2026-09-28T20:05:59.228+00:00,agent,rev,241,FAIL,
2026-09-28T20:06:02.491+00:00,agent,rev,255,FAIL,
2026-09-28T20:06:02.491+00:00,agent,rev,256,FAIL,
2026-09-28T20:06:02.491+00:00,agent,rev,257,FAIL,
2026-09-28T20:06:05.755+00:00,agent,rev,271,FAIL,
2026-09-28T20:06:05.755+00:00,agent,rev,272,FAIL,
2026-09-28T20:06:05.755+00:00,agent,rev,273,FAIL,
2026-09-28T20:06:08.992+00:00,agent,rev,287,FAIL,
2026-09-28T20:06:08.992+00:00,agent,rev,288,FAIL,
2026-09-28T20:06:08.992+00:00,agent,rev,289,FAIL,
2026-09-28T20:06:08.992+00:00,agent,rev,290,FAIL,
2026-09-28T20:06:12.092+00:00,agent,rev,302,FAIL,
2026-09-28T20:06:12.092+00:00,agent,rev,303,FAIL,
2026-09-28T20:06:12.092+00:00,agent,rev,304,FAIL,
2026-09-28T20:06:15.356+00:00,agent,rev,318,FAIL,
2026-09-28T20:06:15.356+00:00,agent,rev,319,FAIL,
2026-09-28T20:06:15.356+00:00,agent,rev,320,FAIL,
2026-09-28T20:06:18.431+00:00,agent,rev,333,FAIL,
2026-09-28T20:06:18.431+00:00,agent,rev,334,FAIL,
2026-09-28T20:06:18.431+00:00,agent,rev,335,FAIL,
2026-09-28T20:06:21.500+00:00,agent,rev,348,FAIL,
2026-09-28T20:06:21.500+00:00,agent,rev,349,FAIL,
2026-09-28T20:06:21.500+00:00,agent,rev,350,FAIL,
2026-09-28T20:06:24.571+00:00,agent,rev,363,FAIL,
2026-09-28T20:06:24.571+00:00,agent,rev,364,FAIL,
2026-09-28T20:06:24.571+00:00,agent,rev,365,FAIL,
2026-09-28T20:06:27.835+00:00,agent,rev,379,FAIL,
2026-09-28T20:06:27.835+00:00,agent,rev,380,FAIL,
2026-09-28T20:06:27.835+00:00,agent,rev,381,FAIL,
2026-09-28T20:06:27.835+00:00,agent,rev,382,FAIL,
2026-09-28T20:06:31.099+00:00,agent,rev,395,FAIL,
2026-09-28T20:06:31.099+00:00,agent,rev,396,FAIL,
2026-09-28T20:06:31.099+00:00,agent,rev,397,FAIL,
2026-09-28T20:06:34.363+00:00,agent,rev,411,FAIL,
2026-09-28T20:06:34.363+00:00,agent,rev,412,FAIL,
2026-09-28T20:06:34.363+00:00,agent,rev,413,FAIL,
2026-09-28T20:06:37.627+00:00,agent,rev,427,FAIL,
2026-09-28T20:06:37.627+00:00,agent,rev,428,FAIL,
2026-09-28T20:06:37.627+00:00,agent,rev,429,FAIL,
2026-09-28T20:06:40.703+00:00,agent,rev,442,FAIL,
2026-09-28T20:06:40.703+00:00,agent,rev,443,FAIL,
2026-09-28T20:06:40.703+00:00,agent,rev,444,FAIL,
2026-09-28T20:06:43.967+00:00,agent,rev,458,FAIL,
2026-09-28T20:06:43.967+00:00,agent,rev,459,FAIL,
2026-09-28T20:06:43.967+00:00,agent,rev,460,FAIL,
2026-09-28T20:06:43.967+00:00,agent,rev,461,FAIL,
2026-09-28T20:06:47.035+00:00,agent,rev,473,FAIL,
2026-09-28T20:06:47.035+00:00,agent,rev,474,FAIL,
2026-09-28T20:06:47.035+00:00,agent,rev,475,FAIL,
2026-09-28T20:06:50.107+00:00,agent,rev,488,FAIL,
2026-09-28T20:06:50.108+00:00,agent,rev,489,FAIL,
2026-09-28T20:06:50.108+00:00,agent,rev,490,FAIL,
2026-09-28T20:06:53.372+00:00,agent,rev,504,FAIL,
2026-09-28T20:06:53.372+00:00,agent,rev,505,FAIL,
2026-09-28T20:06:53.372+00:00,agent,rev,506,FAIL,
2026-09-28T20:06:56.444+00:00,agent,rev,519,FAIL,
2026-09-28T20:06:56.444+00:00,agent,rev,520,FAIL,
2026-09-28T20:06:56.444+00:00,agent,rev,521,FAIL,
2026-09-28T20:06:59.515+00:00,agent,rev,534,FAIL,
2026-09-28T20:06:59.516+00:00,agent,rev,535,FAIL,
2026-09-28T20:06:59.516+00:00,agent,rev,536,FAIL,
2026-09-28T20:07:02.587+00:00,agent,rev,550,FAIL,
2026-09-28T20:07:02.587+00:00,agent,rev,551,FAIL,
2026-09-28T20:07:02.587+00:00,agent,rev,552,FAIL,
2026-09-28T20:07:05.660+00:00,agent,rev,564,FAIL,
2026-09-28T20:07:05.660+00:00,agent,rev,565,FAIL,
2026-09-28T20:07:05.660+00:00,agent,rev,566,FAIL,
2026-09-28T20:07:08.731+00:00,agent,rev,579,FAIL,
2026-09-28T20:07:08.731+00:00,agent,rev,580,FAIL,
2026-09-28T20:07:08.731+00:00,agent,rev,581,FAIL,
2026-09-28T20:07:11.808+00:00,agent,rev,594,FAIL,
2026-09-28T20:07:11.808+00:00,agent,rev,595,FAIL,
2026-09-28T20:07:11.808+00:00,agent,rev,596,FAIL,
2026-09-28T20:07:11.808+00:00,agent,rev,597,FAIL,
2026-09-28T20:07:15.067+00:00,agent,rev,610,FAIL,
2026-09-28T20:07:15.068+00:00,agent,rev,611,FAIL,
2026-09-28T20:07:15.068+00:00,agent,rev,612,FAIL,
2026-09-28T20:07:18.331+00:00,agent,rev,626,FAIL,
2026-09-28T20:07:18.331+00:00,agent,rev,627,FAIL,
2026-09-28T20:07:18.331+00:00,agent,rev,628,FAIL,
2026-09-28T20:07:21.595+00:00,agent,rev,642,FAIL,
2026-09-28T20:07:21.595+00:00,agent,rev,643,FAIL,
2026-09-28T20:07:21.595+00:00,agent,rev,644,FAIL,
2026-09-28T20:07:24.667+00:00,agent,rev,657,FAIL,
2026-09-28T20:07:24.667+00:00,agent,rev,658,FAIL,
2026-09-28T20:07:24.667+00:00,agent,rev,659,FAIL,
2026-09-28T20:07:27.935+00:00,agent,rev,673,FAIL,
2026-09-28T20:07:27.935+00:00,agent,rev,674,FAIL,
2026-09-28T20:07:27.935+00:00,agent,rev,675,FAIL,
2026-09-28T20:07:27.935+00:00,agent,rev,676,FAIL,
2026-09-28T20:07:31.004+00:00,agent,rev,688,FAIL,
2026-09-28T20:07:31.004+00:00,agent,rev,689,FAIL,
2026-09-28T20:07:31.004+00:00,agent,rev,690,FAIL,
2026-09-28T20:07:34.267+00:00,agent,rev,704,FAIL,
2026-09-28T20:07:34.267+00:00,agent,rev,705,FAIL,
2026-09-28T20:07:34.268+00:00,agent,rev,706,FAIL,
2026-09-28T20:07:37.340+00:00,agent,rev,720,FAIL,
2026-09-28T20:07:37.340+00:00,agent,rev,721,FAIL,
2026-09-28T20:07:37.340+00:00,agent,rev,722,FAIL,
2026-09-28T20:07:40.603+00:00,agent,rev,735,FAIL,
2026-09-28T20:07:40.603+00:00,agent,rev,736,FAIL,
2026-09-28T20:07:40.603+00:00,agent,rev,737,FAIL,
2026-09-28T20:07:43.871+00:00,agent,rev,751,FAIL,
2026-09-28T20:07:43.871+00:00,agent,rev,752,FAIL,
2026-09-28T20:07:43.871+00:00,agent,rev,753,FAIL,
2026-09-28T20:07:43.871+00:00,agent,rev,754,FAIL,
2026-09-28T20:07:47.131+00:00,agent,rev,767,FAIL,
2026-09-28T20:07:47.132+00:00,agent,rev,768,FAIL,
2026-09-28T20:07:47.132+00:00,agent,rev,769,FAIL,
2026-09-28T20:07:50.204+00:00,agent,rev,782,FAIL,
2026-09-28T20:07:50.204+00:00,agent,rev,783,FAIL,
2026-09-28T20:07:50.204+00:00,agent,rev,784,FAIL,
2026-09-28T20:07:53.275+00:00,agent,rev,797,FAIL,
2026-09-28T20:07:53.275+00:00,agent,rev,798,FAIL,
2026-09-28T20:07:53.275+00:00,agent,rev,799,FAIL,
2026-09-28T20:07:56.540+00:00,agent,rev,813,FAIL,
2026-09-28T20:07:56.540+00:00,agent,rev,814,FAIL,
2026-09-28T20:07:56.540+00:00,agent,rev,815,FAIL,
2026-09-28T20:07:59.803+00:00,agent,rev,829,FAIL,
2026-09-28T20:07:59.803+00:00,agent,rev,830,FAIL,
2026-09-28T20:07:59.803+00:00,agent,rev,831,FAIL,
2026-09-28T20:07:59.803+00:00,agent,rev,832,FAIL,
2026-09-28T20:08:03.067+00:00,agent,rev,845,FAIL,
2026-09-28T20:08:03.067+00:00,agent,rev,846,FAIL,
2026-09-28T20:08:03.067+00:00,agent,rev,847,FAIL,
2026-09-28T20:08:06.331+00:00,agent,rev,861,FAIL,
2026-09-28T20:08:06.331+00:00,agent,rev,862,FAIL,
2026-09-28T20:08:06.331+00:00,agent,rev,863,FAIL,
2026-09-28T20:08:09.595+00:00,agent,rev,877,FAIL,
2026-09-28T20:08:09.595+00:00,agent,rev,878,FAIL,
2026-09-28T20:08:09.595+00:00,agent,rev,879,FAIL,
2026-09-28T20:08:12.859+00:00,agent,rev,893,FAIL,
2026-09-28T20:08:12.859+00:00,agent,rev,894,FAIL,
2026-09-28T20:08:12.859+00:00,agent,rev,895,FAIL,
2026-09-28T20:08:12.859+00:00,agent,rev,896,FAIL,
2026-09-28T20:08:15.931+00:00,agent,rev,908,FAIL,
2026-09-28T20:08:15.931+00:00,agent,rev,909,FAIL,
2026-09-28T20:08:15.931+00:00,agent,rev,910,FAIL,
2026-09-28T20:08:19.003+00:00,agent,rev,923,FAIL,
2026-09-28T20:08:19.003+00:00,agent,rev,924,FAIL,
2026-09-28T20:08:19.003+00:00,agent,rev,925,FAIL,
2026-09-28T20:08:22.267+00:00,agent,rev,939,FAIL,
2026-09-28T20:08:22.267+00:00,agent,rev,940,FAIL,
2026-09-28T20:08:22.267+00:00,agent,rev,941,FAIL,
2026-09-28T20:08:25.339+00:00,agent,rev,954,FAIL,
2026-09-28T20:08:25.339+00:00,agent,rev,955,FAIL,
2026-09-28T20:08:25.339+00:00,agent,rev,956,FAIL,
2026-09-28T20:08:28.604+00:00,agent,rev,970,FAIL,
2026-09-28T20:08:28.604+00:00,agent,rev,971,FAIL,
2026-09-28T20:08:28.604+00:00,agent,rev,972,FAIL,
2026-09-28T20:08:31.867+00:00,agent,rev,986,FAIL,
2026-09-28T20:08:31.867+00:00,agent,rev,987,FAIL,
2026-09-28T20:08:31.867+00:00,agent,rev,988,FAIL,
2026-09-28T20:08:31.867+00:00,agent,rev,989,FAIL,
2026-09-28T20:08:35.131+00:00,agent,rev,1002,FAIL,
2026-09-28T20:08:35.131+00:00,agent,rev,1003,FAIL,
2026-09-28T20:08:35.131+00:00,agent,rev,1004,FAIL,
2026-09-28T20:08:38.395+00:00,agent,rev,1018,FAIL,
2026-09-28T20:08:38.395+00:00,agent,rev,1019,FAIL,
2026-09-28T20:08:38.395+00:00,agent,rev,1020,FAIL,
2026-09-28T20:08:41.660+00:00,agent,rev,1034,FAIL,
2026-09-28T20:08:41.660+00:00,agent,rev,1035,FAIL,
2026-09-28T20:08:41.660+00:00,agent,rev,1036,FAIL,
2026-09-28T20:08:44.731+00:00,agent,rev,1049,FAIL,
2026-09-28T20:08:44.731+00:00,agent,rev,1050,FAIL,
2026-09-28T20:08:44.731+00:00,agent,rev,1051,FAIL,
2026-09-28T20:08:47.996+00:00,agent,rev,1065,FAIL,
2026-09-28T20:08:47.996+00:00,agent,rev,1066,FAIL,
2026-09-28T20:08:47.996+00:00,agent,rev,1067,FAIL,
2026-09-28T20:08:47.996+00:00,agent,rev,1068,FAIL,
2026-09-28T20:08:51.260+00:00,agent,rev,1081,FAIL,
2026-09-28T20:08:51.260+00:00,agent,rev,1082,FAIL,
2026-09-28T20:08:51.260+00:00,agent,rev,1083,FAIL,
2026-09-28T20:08:54.524+00:00,agent,rev,1097,FAIL,
2026-09-28T20:08:54.524+00:00,agent,rev,1098,FAIL,
2026-09-28T20:08:54.524+00:00,agent,rev,1099,FAIL,
2026-09-28T20:08:57.791+00:00,agent,rev,1113,FAIL,
2026-09-28T20:08:57.791+00:00,agent,rev,1114,FAIL,
2026-09-28T20:08:57.791+00:00,agent,rev,1115,FAIL,
2026-09-28T20:08:57.791+00:00,agent,rev,1116,FAIL,
2026-09-28T20:09:00.859+00:00,agent,rev,1128,FAIL,
2026-09-28T20:09:00.859+00:00,agent,rev,1129,FAIL,
2026-09-28T20:09:00.859+00:00,agent,rev,1130,FAIL,
2026-09-28T20:09:03.932+00:00,agent,rev,1143,FAIL,
2026-09-28T20:09:03.932+00:00,agent,rev,1144,FAIL,
2026-09-28T20:09:03.932+00:00,agent,rev,1145,FAIL,
2026-09-28T20:09:07.195+00:00,agent,rev,1159,FAIL,
2026-09-28T20:09:07.195+00:00,agent,rev,1160,FAIL,
2026-09-28T20:09:07.195+00:00,agent,rev,1161,FAIL,
2026-09-28T20:09:10.267+00:00,agent,rev,1174,FAIL,
2026-09-28T20:09:10.267+00:00,agent,rev,1175,FAIL,
2026-09-28T20:09:10.268+00:00,agent,rev,1176,FAIL,
2026-09-28T20:09:13.531+00:00,agent,rev,1190,FAIL,
2026-09-28T20:09:13.531+00:00,agent,rev,1191,FAIL,
2026-09-28T20:09:13.531+00:00,agent,rev,1192,FAIL,
2026-09-28T20:09:16.795+00:00,agent,rev,1206,FAIL,
2026-09-28T20:09:16.795+00:00,agent,rev,1207,FAIL,
2026-09-28T20:09:16.796+00:00,agent,rev,1208,FAIL,
2026-09-28T20:09:16.796+00:00,agent,rev,1209,FAIL,
2026-09-28T20:09:20.063+00:00,agent,rev,1222,FAIL,
2026-09-28T20:09:20.063+00:00,agent,rev,1223,FAIL,
2026-09-28T20:09:20.063+00:00,agent,rev,1224,FAIL,
2026-09-28T20:09:23.323+00:00,agent,rev,1238,FAIL,
2026-09-28T20:09:23.323+00:00,agent,rev,1239,FAIL,
2026-09-28T20:09:23.323+00:00,agent,rev,1240,FAIL,
2026-09-28T20:09:26.587+00:00,agent,rev,1254,FAIL,
2026-09-28T20:09:26.588+00:00,agent,rev,1255,FAIL,
2026-09-28T20:09:26.588+00:00,agent,rev,1256,FAIL,
2026-09-28T20:09:29.851+00:00,agent,rev,1270,FAIL,
2026-09-28T20:09:29.852+00:00,agent,rev,1271,FAIL,
2026-09-28T20:09:29.852+00:00,agent,rev,1272,FAIL,
2026-09-28T20:09:29.852+00:00,agent,rev,1273,FAIL,
2026-09-28T20:09:32.927+00:00,agent,rev,1285,FAIL,
2026-09-28T20:09:32.927+00:00,agent,rev,1286,FAIL,
2026-09-28T20:09:32.927+00:00,agent,rev,1287,FAIL,
2026-09-28T20:09:36.188+00:00,agent,rev,1301,FAIL,
2026-09-28T20:09:36.188+00:00,agent,rev,1302,FAIL,
2026-09-28T20:09:36.188+00:00,agent,rev,1303,FAIL,
2026-09-28T20:09:39.260+00:00,agent,rev,1316,FAIL,
2026-09-28T20:09:39.260+00:00,agent,rev,1317,FAIL,
2026-09-28T20:09:39.260+00:00,agent,rev,1318,FAIL,
2026-09-28T20:09:42.523+00:00,agent,rev,1332,FAIL,
2026-09-28T20:09:42.524+00:00,agent,rev,1333,FAIL,
2026-09-28T20:09:42.524+00:00,agent,rev,1334,FAIL,
2026-09-28T20:09:45.787+00:00,agent,rev,1348,FAIL,
2026-09-28T20:09:45.787+00:00,agent,rev,1349,FAIL,
2026-09-28T20:09:45.787+00:00,agent,rev,1350,FAIL,
2026-09-28T20:09:45.787+00:00,agent,rev,1351,FAIL,
2026-09-28T20:09:48.859+00:00,agent,rev,1363,FAIL,
2026-09-28T20:09:48.859+00:00,agent,rev,1364,FAIL,
2026-09-28T20:09:48.859+00:00,agent,rev,1365,FAIL,
2026-09-28T20:09:52.123+00:00,agent,rev,1379,FAIL,
2026-09-28T20:09:52.124+00:00,agent,rev,1380,FAIL,
2026-09-28T20:09:52.124+00:00,agent,rev,1381,FAIL,
2026-09-28T20:09:55.388+00:00,agent,rev,1395,FAIL,
2026-09-28T20:09:55.388+00:00,agent,rev,1396,FAIL,
2026-09-28T20:09:55.388+00:00,agent,rev,1397,FAIL,
2026-09-28T20:09:58.464+00:00,agent,rev,1410,FAIL,
2026-09-28T20:09:58.464+00:00,agent,rev,1411,FAIL,
2026-09-28T20:09:58.464+00:00,agent,rev,1412,FAIL,
2026-09-28T20:10:01.723+00:00,agent,rev,1426,FAIL,
2026-09-28T20:10:01.723+00:00,agent,rev,1427,FAIL,
2026-09-28T20:10:01.723+00:00,agent,rev,1428,FAIL,
2026-09-28T20:10:04.796+00:00,agent,rev,1441,FAIL,
2026-09-28T20:10:04.796+00:00,agent,rev,1442,FAIL,
2026-09-28T20:10:04.796+00:00,agent,rev,1443,FAIL,
2026-09-28T20:10:04.796+00:00,agent,rev,1444,FAIL,
2026-09-28T20:10:07.869+00:00,agent,rev,1456,FAIL,
2026-09-28T20:10:07.869+00:00,agent,rev,1457,FAIL,
2026-09-28T20:10:07.869+00:00,agent,rev,1458,FAIL,
2026-09-28T20:10:11.131+00:00,agent,rev,1472,FAIL,
2026-09-28T20:10:11.131+00:00,agent,rev,1473,FAIL,
2026-09-28T20:10:11.131+00:00,agent,rev,1474,FAIL,
2026-09-28T20:10:14.396+00:00,agent,rev,1488,FAIL,
2026-09-28T20:10:14.396+00:00,agent,rev,1489,FAIL,
2026-09-28T20:10:14.396+00:00,agent,rev,1490,FAIL,
2026-09-28T20:10:17.659+00:00,agent,rev,1504,FAIL,
2026-09-28T20:10:17.659+00:00,agent,rev,1505,FAIL,
2026-09-28T20:10:17.659+00:00,agent,rev,1506,FAIL,
2026-09-28T20:10:20.731+00:00,agent,rev,1519,FAIL,
2026-09-28T20:10:20.731+00:00,agent,rev,1520,FAIL,
2026-09-28T20:10:20.732+00:00,agent,rev,1521,FAIL,
2026-09-28T20:10:23.995+00:00,agent,rev,1535,FAIL,
2026-09-28T20:10:23.995+00:00,agent,rev,1536,FAIL,
2026-09-28T20:10:23.995+00:00,agent,rev,1537,FAIL,
2026-09-28T20:10:23.995+00:00,agent,rev,1538,FAIL,
2026-09-28T20:10:27.067+00:00,agent,rev,1550,FAIL,
2026-09-28T20:10:27.067+00:00,agent,rev,1551,FAIL,
2026-09-28T20:10:27.067+00:00,agent,rev,1552,FAIL,
2026-09-28T20:10:30.331+00:00,agent,rev,1566,FAIL,
2026-09-28T20:10:30.331+00:00,agent,rev,1567,FAIL,
2026-09-28T20:10:30.331+00:00,agent,rev,1568,FAIL,
2026-09-28T20:10:33.403+00:00,agent,rev,1581,FAIL,
2026-09-28T20:10:33.404+00:00,agent,rev,1582,FAIL,
2026-09-28T20:10:33.404+00:00,agent,rev,1583,FAIL,
2026-09-28T20:10:36.667+00:00,agent,rev,1597,FAIL,
2026-09-28T20:10:36.667+00:00,agent,rev,1598,FAIL,
2026-09-28T20:10:36.667+00:00,agent,rev,1599,FAIL,
2026-09-28T20:10:39.743+00:00,agent,rev,1612,FAIL,
2026-09-28T20:10:39.744+00:00,agent,rev,1613,FAIL,
2026-09-28T20:10:39.744+00:00,agent,rev,1614,FAIL,
2026-09-28T20:10:43.004+00:00,agent,rev,1628,FAIL,
2026-09-28T20:10:43.004+00:00,agent,rev,1629,FAIL,
2026-09-28T20:10:43.004+00:00,agent,rev,1630,FAIL,
2026-09-28T20:10:43.004+00:00,agent,rev,1631,FAIL,
2026-09-28T20:10:46.268+00:00,agent,rev,1644,FAIL,
2026-09-28T20:10:46.268+00:00,agent,rev,1645,FAIL,
2026-09-28T20:10:46.268+00:00,agent,rev,1646,FAIL,
2026-09-28T20:10:49.531+00:00,agent,rev,1660,FAIL,
2026-09-28T20:10:49.531+00:00,agent,rev,1661,FAIL,
2026-09-28T20:10:49.531+00:00,agent,rev,1662,FAIL,
2026-09-28T20:10:52.603+00:00,agent,rev,1676,FAIL,
2026-09-28T20:10:52.603+00:00,agent,rev,1677,FAIL,
2026-09-28T20:10:52.603+00:00,agent,rev,1678,FAIL,
2026-09-28T20:10:55.679+00:00,agent,rev,1690,FAIL,
2026-09-28T20:10:55.679+00:00,agent,rev,1691,FAIL,
2026-09-28T20:10:55.679+00:00,agent,rev,1692,FAIL,
2026-09-28T20:10:58.747+00:00,agent,rev,1705,FAIL,
2026-09-28T20:10:58.747+00:00,agent,rev,1706,FAIL,
2026-09-28T20:10:58.747+00:00,agent,rev,1707,FAIL,
2026-09-28T20:11:01.824+00:00,agent,rev,1720,FAIL,
2026-09-28T20:11:01.824+00:00,agent,rev,1721,FAIL,
2026-09-28T20:11:01.824+00:00,agent,rev,1722,FAIL,
2026-09-28T20:11:01.824+00:00,agent,rev,1723,FAIL,
2026-09-28T20:11:05.084+00:00,agent,rev,1736,FAIL,
2026-09-28T20:11:05.084+00:00,agent,rev,1737,FAIL,
2026-09-28T20:11:05.084+00:00,agent,rev,1738,FAIL,
2026-09-28T20:11:08.347+00:00,agent,rev,1752,FAIL,
2026-09-28T20:11:08.348+00:00,agent,rev,1753,FAIL,
2026-09-28T20:11:08.348+00:00,agent,rev,1754,FAIL,
2026-09-28T20:11:11.612+00:00,agent,rev,1768,FAIL,
2026-09-28T20:11:11.612+00:00,agent,rev,1769,FAIL,
2026-09-28T20:11:11.612+00:00,agent,rev,1770,FAIL,
2026-09-28T20:11:14.875+00:00,agent,rev,1784,FAIL,
2026-09-28T20:11:14.875+00:00,agent,rev,1785,FAIL,
2026-09-28T20:11:14.875+00:00,agent,rev,1786,FAIL,
2026-09-28T20:11:14.875+00:00,agent,rev,1787,FAIL,
2026-09-28T20:11:17.947+00:00,agent,rev,1799,FAIL,
2026-09-28T20:11:17.947+00:00,agent,rev,1800,FAIL,
2026-09-28T20:11:17.947+00:00,agent,rev,1801,FAIL,
2026-09-28T20:11:21.211+00:00,agent,rev,1815,FAIL,
2026-09-28T20:11:21.212+00:00,agent,rev,1816,FAIL,
2026-09-28T20:11:21.212+00:00,agent,rev,1817,FAIL,
2026-09-28T20:11:22.431+00:00,agent,rev,1836,OK,0.161
2026-09-28T20:11:22.639+00:00,agent,rev,1837,OK,0.176
2026-09-28T20:11:22.843+00:00,agent,rev,1838,OK,0.238
2026-09-28T20:11:23.047+00:00,agent,rev,1839,OK,0.184
2026-09-28T20:11:23.255+00:00,agent,rev,1840,OK,0.175
2026-09-28T20:11:23.459+00:00,agent,rev,1841,OK,0.172
2026-09-28T20:11:23.667+00:00,agent,rev,1842,OK,0.224
2026-09-28T20:11:23.871+00:00,agent,rev,1843,OK,0.155
2026-09-28T20:11:24.075+00:00,agent,rev,1844,OK,0.263
2026-09-28T20:11:24.279+00:00,agent,rev,1845,OK,0.152
2026-09-28T20:11:24.475+00:00,agent,rev,1831,FAIL,
2026-09-28T20:11:24.475+00:00,agent,rev,1832,FAIL,
2026-09-28T20:11:24.476+00:00,agent,rev,1833,FAIL,
2026-09-28T20:11:24.479+00:00,agent,rev,1846,OK,0.124
2026-09-28T20:11:24.687+00:00,agent,rev,1847,OK,0.192
2026-09-28T20:11:24.895+00:00,agent,rev,1848,OK,0.130
2026-09-28T20:11:25.100+00:00,agent,rev,1849,OK,0.255
2026-09-28T20:11:25.303+00:00,agent,rev,1850,OK,0.105
2026-09-28T20:11:25.507+00:00,agent,rev,1851,OK,0.111
2026-09-28T20:11:25.711+00:00,agent,rev,1852,OK,0.178
2026-09-28T20:11:25.924+00:00,agent,rev,1853,OK,0.252
2026-09-28T20:11:26.128+00:00,agent,rev,1854,OK,0.213
2026-09-28T20:11:26.331+00:00,agent,rev,1855,OK,0.185
2026-09-28T20:11:26.535+00:00,agent,rev,1856,OK,0.201
2026-09-28T20:11:26.739+00:00,agent,rev,1857,OK,0.165
2026-09-28T20:11:26.947+00:00,agent,rev,1858,OK,0.232
2026-09-28T20:11:27.151+00:00,agent,rev,1859,OK,0.223
2026-09-28T20:11:27.355+00:00,agent,rev,1860,OK,0.161
2026-09-28T20:11:27.559+00:00,agent,rev,1861,OK,0.162
2026-09-28T20:11:27.763+00:00,agent,rev,1862,OK,0.240
2026-09-28T20:11:27.968+00:00,agent,rev,1863,OK,0.209
2026-09-28T20:11:28.172+00:00,agent,rev,1864,OK,0.231
2026-09-28T20:11:28.376+00:00,agent,rev,1865,OK,0.256
2026-09-28T20:11:28.576+00:00,agent,rev,1866,OK,0.259
2026-09-28T20:11:28.779+00:00,agent,rev,1867,OK,0.179
2026-09-28T20:11:28.984+00:00,agent,rev,1868,OK,0.197
2026-09-28T20:11:29.187+00:00,agent,rev,1869,OK,0.237
2026-09-28T20:11:29.391+00:00,agent,rev,1870,OK,0.222
2026-09-28T20:11:29.595+00:00,agent,rev,1871,OK,0.186
2026-09-28T20:11:29.800+00:00,agent,rev,1872,OK,0.217
2026-09-28T20:11:30.003+00:00,agent,rev,1873,OK,0.208
2026-09-28T20:11:30.207+00:00,agent,rev,1874,OK,0.216
2026-09-28T20:11:30.415+00:00,agent,rev,1875,OK,0.208
2026-09-28T20:11:30.623+00:00,agent,rev,1876,OK,0.180
2026-09-28T20:11:30.827+00:00,agent,rev,1877,OK,0.211
2026-09-28T20:11:31.035+00:00,agent,rev,1878,OK,0.246
2026-09-28T20:11:31.239+00:00,agent,rev,1879,OK,0.258
2026-09-28T20:11:31.443+00:00,agent,rev,1880,OK,0.227
2026-09-28T20:11:31.647+00:00,agent,rev,1881,OK,0.214
2026-09-28T20:11:31.851+00:00,agent,rev,1882,OK,0.162
2026-09-28T20:11:32.055+00:00,agent,rev,1883,OK,0.222
2026-09-28T20:11:32.259+00:00,agent,rev,1884,OK,0.220
2026-09-28T20:11:32.463+00:00,agent,rev,1885,OK,0.227
2026-09-28T20:11:32.671+00:00,agent,rev,1886,OK,0.235
2026-09-28T20:11:32.876+00:00,agent,rev,1887,OK,0.241
2026-09-28T20:11:33.079+00:00,agent,rev,1888,OK,0.204
2026-09-28T20:11:33.283+00:00,agent,rev,1889,OK,0.127
2026-09-28T20:11:33.487+00:00,agent,rev,1890,OK,0.289
2026-09-28T20:11:33.692+00:00,agent,rev,1891,OK,0.238
2026-09-28T20:11:33.899+00:00,agent,rev,1892,OK,0.232
2026-09-28T20:11:34.103+00:00,agent,rev,1893,OK,0.212
2026-09-28T20:11:34.308+00:00,agent,rev,1894,OK,0.334
2026-09-28T20:11:34.515+00:00,agent,rev,1895,OK,0.228
2026-09-28T20:11:34.719+00:00,agent,rev,1896,OK,0.261
2026-09-28T20:11:34.923+00:00,agent,rev,1897,OK,0.178
2026-09-28T20:11:35.127+00:00,agent,rev,1898,OK,0.224
2026-09-28T20:11:35.332+00:00,agent,rev,1899,OK,0.289
2026-09-28T20:11:35.535+00:00,agent,rev,1900,OK,0.214
2026-09-28T20:11:35.740+00:00,agent,rev,1901,OK,0.431
2026-09-28T20:11:35.943+00:00,agent,rev,1902,OK,0.231
2026-09-28T20:11:36.148+00:00,agent,rev,1903,OK,0.204
2026-09-28T20:11:36.351+00:00,agent,rev,1904,OK,0.226
2026-09-28T20:11:36.555+00:00,agent,rev,1905,OK,0.135
2026-09-28T20:11:36.760+00:00,agent,rev,1906,OK,0.335
2026-09-28T20:11:36.963+00:00,agent,rev,1907,OK,0.211
2026-09-28T20:11:37.167+00:00,agent,rev,1908,OK,0.328
2026-09-28T20:11:37.371+00:00,agent,rev,1909,OK,0.229
2026-09-28T20:11:37.575+00:00,agent,rev,1910,OK,0.219
2026-09-28T20:05:07.639+00:00,ospf,fwd,1,OK,0.491
2026-09-28T20:05:07.847+00:00,ospf,fwd,2,OK,0.207
2026-09-28T20:05:08.051+00:00,ospf,fwd,3,OK,0.336
2026-09-28T20:05:08.255+00:00,ospf,fwd,4,OK,0.157
2026-09-28T20:05:08.459+00:00,ospf,fwd,5,OK,0.211
2026-09-28T20:05:08.663+00:00,ospf,fwd,6,OK,0.121
2026-09-28T20:05:08.867+00:00,ospf,fwd,7,OK,0.153
2026-09-28T20:05:09.071+00:00,ospf,fwd,8,OK,0.212
2026-09-28T20:05:09.275+00:00,ospf,fwd,9,OK,0.144
2026-09-28T20:05:09.479+00:00,ospf,fwd,10,OK,0.143
2026-09-28T20:05:09.683+00:00,ospf,fwd,11,OK,0.139
2026-09-28T20:05:09.887+00:00,ospf,fwd,12,OK,0.146
2026-09-28T20:05:10.091+00:00,ospf,fwd,13,OK,0.188
2026-09-28T20:05:10.295+00:00,ospf,fwd,14,OK,0.235
2026-09-28T20:05:10.499+00:00,ospf,fwd,15,OK,0.218
2026-09-28T20:05:10.703+00:00,ospf,fwd,16,OK,0.156
2026-09-28T20:05:10.907+00:00,ospf,fwd,17,OK,0.201
2026-09-28T20:05:11.116+00:00,ospf,fwd,18,OK,0.290
2026-09-28T20:05:11.324+00:00,ospf,fwd,19,OK,0.242
2026-09-28T20:05:11.527+00:00,ospf,fwd,20,OK,0.331
2026-09-28T20:05:11.731+00:00,ospf,fwd,21,OK,0.274
2026-09-28T20:05:43.035+00:00,ospf,fwd,159,FAIL,
2026-09-28T20:05:43.036+00:00,ospf,fwd,160,FAIL,
2026-09-28T20:05:43.036+00:00,ospf,fwd,161,FAIL,
2026-09-28T20:05:43.036+00:00,ospf,fwd,162,FAIL,
2026-09-28T20:05:43.036+00:00,ospf,fwd,163,FAIL,
2026-09-28T20:05:46.107+00:00,ospf,fwd,164,FAIL,
2026-09-28T20:05:46.107+00:00,ospf,fwd,165,FAIL,
2026-09-28T20:05:46.108+00:00,ospf,fwd,166,FAIL,
2026-09-28T20:05:46.108+00:00,ospf,fwd,167,FAIL,
2026-09-28T20:05:46.108+00:00,ospf,fwd,168,FAIL,
2026-09-28T20:05:46.108+00:00,ospf,fwd,169,OK,62.3
2026-09-28T20:05:46.246+00:00,ospf,fwd,170,OK,0.108
2026-09-28T20:05:46.447+00:00,ospf,fwd,171,OK,0.102
2026-09-28T20:05:46.651+00:00,ospf,fwd,172,OK,0.147
2026-09-28T20:05:46.855+00:00,ospf,fwd,173,OK,0.109
2026-09-28T20:05:47.059+00:00,ospf,fwd,174,OK,0.123
2026-09-28T20:05:47.263+00:00,ospf,fwd,175,OK,0.134
2026-09-28T20:05:47.467+00:00,ospf,fwd,176,OK,0.178
2026-09-28T20:05:47.671+00:00,ospf,fwd,177,OK,0.122
2026-09-28T20:05:47.875+00:00,ospf,fwd,178,OK,0.187
2026-09-28T20:05:48.079+00:00,ospf,fwd,179,OK,0.217
2026-09-28T20:05:48.288+00:00,ospf,fwd,180,OK,0.129
2026-09-28T20:05:48.491+00:00,ospf,fwd,181,OK,0.173
2026-09-28T20:05:48.695+00:00,ospf,fwd,182,OK,0.129
2026-09-28T20:05:48.903+00:00,ospf,fwd,183,OK,0.129
2026-09-28T20:05:49.112+00:00,ospf,fwd,184,OK,0.208
2026-09-28T20:05:49.315+00:00,ospf,fwd,185,OK,0.171
2026-09-28T20:05:49.519+00:00,ospf,fwd,186,OK,0.136
2026-09-28T20:05:49.725+00:00,ospf,fwd,187,OK,0.176
2026-09-28T20:05:49.927+00:00,ospf,fwd,188,OK,0.122
2026-09-28T20:05:50.131+00:00,ospf,fwd,189,OK,0.198
2026-09-28T20:05:50.335+00:00,ospf,fwd,190,OK,0.109
2026-09-28T20:05:50.539+00:00,ospf,fwd,191,OK,0.178
2026-09-28T20:05:50.743+00:00,ospf,fwd,192,OK,0.114
2026-09-28T20:05:50.947+00:00,ospf,fwd,193,OK,0.188
2026-09-28T20:05:51.151+00:00,ospf,fwd,194,OK,0.141
2026-09-28T20:05:51.355+00:00,ospf,fwd,195,OK,0.138
2026-09-28T20:05:51.559+00:00,ospf,fwd,196,OK,0.097
2026-09-28T20:05:51.763+00:00,ospf,fwd,197,OK,0.170
2026-09-28T20:05:51.971+00:00,ospf,fwd,198,OK,0.181
2026-09-28T20:05:52.178+00:00,ospf,fwd,199,OK,0.270
2026-09-28T20:05:52.382+00:00,ospf,fwd,200,OK,0.170
2026-09-28T20:05:52.587+00:00,ospf,fwd,201,OK,0.137
2026-09-28T20:05:52.787+00:00,ospf,fwd,202,OK,0.138
2026-09-28T20:05:52.991+00:00,ospf,fwd,203,OK,0.199
2026-09-28T20:05:53.195+00:00,ospf,fwd,204,OK,0.204
2026-09-28T20:05:53.399+00:00,ospf,fwd,205,OK,0.132
2026-09-28T20:05:53.603+00:00,ospf,fwd,206,OK,0.120
2026-09-28T20:05:53.811+00:00,ospf,fwd,207,OK,0.138
2026-09-28T20:05:54.015+00:00,ospf,fwd,208,OK,0.182
2026-09-28T20:05:54.219+00:00,ospf,fwd,209,OK,0.171
2026-09-28T20:05:54.423+00:00,ospf,fwd,210,OK,0.137
2026-09-28T20:05:54.627+00:00,ospf,fwd,211,OK,0.130
2026-09-28T20:05:54.835+00:00,ospf,fwd,212,OK,0.182
2026-09-28T20:05:55.039+00:00,ospf,fwd,213,OK,0.444
2026-09-28T20:05:55.243+00:00,ospf,fwd,214,OK,0.114
2026-09-28T20:05:55.447+00:00,ospf,fwd,215,OK,0.170
2026-09-28T20:05:55.651+00:00,ospf,fwd,216,OK,0.179
2026-09-28T20:05:55.855+00:00,ospf,fwd,217,OK,0.127
2026-09-28T20:05:56.059+00:00,ospf,fwd,218,OK,0.148
2026-09-28T20:05:56.263+00:00,ospf,fwd,219,OK,0.090
2026-09-28T20:05:56.467+00:00,ospf,fwd,220,OK,0.166
2026-09-28T20:05:56.671+00:00,ospf,fwd,221,OK,0.136
2026-09-28T20:05:56.875+00:00,ospf,fwd,222,OK,0.161
2026-09-28T20:05:57.079+00:00,ospf,fwd,223,OK,0.162
2026-09-28T20:05:57.283+00:00,ospf,fwd,224,OK,0.103
2026-09-28T20:05:57.487+00:00,ospf,fwd,225,OK,0.185
2026-09-28T20:05:57.691+00:00,ospf,fwd,226,OK,0.189
2026-09-28T20:05:57.895+00:00,ospf,fwd,227,OK,0.116
2026-09-28T20:05:58.099+00:00,ospf,fwd,228,OK,0.131
2026-09-28T20:05:58.303+00:00,ospf,fwd,229,OK,0.086
2026-09-28T20:05:58.507+00:00,ospf,fwd,230,OK,0.102
2026-09-28T20:05:58.711+00:00,ospf,fwd,231,OK,0.098
2026-09-28T20:05:58.915+00:00,ospf,fwd,232,OK,0.186
2026-09-28T20:05:59.119+00:00,ospf,fwd,233,OK,0.148
2026-09-28T20:05:59.323+00:00,ospf,fwd,234,OK,0.172
2026-09-28T20:05:59.527+00:00,ospf,fwd,235,OK,0.153
2026-09-28T20:05:59.732+00:00,ospf,fwd,236,OK,0.144
2026-09-28T20:05:59.935+00:00,ospf,fwd,237,OK,0.167
2026-09-28T20:06:00.139+00:00,ospf,fwd,238,OK,0.196
2026-09-28T20:06:00.343+00:00,ospf,fwd,239,OK,0.085
2026-09-28T20:06:00.547+00:00,ospf,fwd,240,OK,0.123
2026-09-28T20:06:00.751+00:00,ospf,fwd,241,OK,0.083
2026-09-28T20:06:00.955+00:00,ospf,fwd,242,OK,0.093
2026-09-28T20:06:01.159+00:00,ospf,fwd,243,OK,0.167
2026-09-28T20:06:01.367+00:00,ospf,fwd,244,OK,0.172
2026-09-28T20:06:01.571+00:00,ospf,fwd,245,OK,0.156
2026-09-28T20:06:01.775+00:00,ospf,fwd,246,OK,0.160
2026-09-28T20:06:01.979+00:00,ospf,fwd,247,OK,0.124
2026-09-28T20:06:02.183+00:00,ospf,fwd,248,OK,0.172
2026-09-28T20:06:02.387+00:00,ospf,fwd,249,OK,0.110
2026-09-28T20:06:02.591+00:00,ospf,fwd,250,OK,0.087
2026-09-28T20:06:02.795+00:00,ospf,fwd,251,OK,0.181
2026-09-28T20:06:02.999+00:00,ospf,fwd,252,OK,0.145
2026-09-28T20:06:03.203+00:00,ospf,fwd,253,OK,0.161
2026-09-28T20:06:03.407+00:00,ospf,fwd,254,OK,0.102
2026-09-28T20:06:03.611+00:00,ospf,fwd,255,OK,0.101
2026-09-28T20:06:03.815+00:00,ospf,fwd,256,OK,0.155
2026-09-28T20:06:04.019+00:00,ospf,fwd,257,OK,0.232
2026-09-28T20:06:04.223+00:00,ospf,fwd,258,OK,0.158
2026-09-28T20:06:04.427+00:00,ospf,fwd,259,OK,0.168
2026-09-28T20:06:04.631+00:00,ospf,fwd,260,OK,0.176
2026-09-28T20:06:04.835+00:00,ospf,fwd,261,OK,0.165
2026-09-28T20:06:05.039+00:00,ospf,fwd,262,OK,0.131
2026-09-28T20:06:05.243+00:00,ospf,fwd,263,OK,0.126
2026-09-28T20:06:05.447+00:00,ospf,fwd,264,OK,0.194
2026-09-28T20:06:05.651+00:00,ospf,fwd,265,OK,0.097
2026-09-28T20:06:05.855+00:00,ospf,fwd,266,OK,0.226
2026-09-28T20:06:06.059+00:00,ospf,fwd,267,OK,0.209
2026-09-28T20:06:06.263+00:00,ospf,fwd,268,OK,0.175
2026-09-28T20:06:06.471+00:00,ospf,fwd,269,OK,0.139
2026-09-28T20:06:06.676+00:00,ospf,fwd,270,OK,0.658
2026-09-28T20:06:06.876+00:00,ospf,fwd,271,OK,0.188
2026-09-28T20:06:07.083+00:00,ospf,fwd,272,OK,0.159
2026-09-28T20:06:07.291+00:00,ospf,fwd,273,OK,0.173
2026-09-28T20:06:07.499+00:00,ospf,fwd,274,OK,0.213
2026-09-28T20:06:07.707+00:00,ospf,fwd,275,OK,0.182
2026-09-28T20:06:07.912+00:00,ospf,fwd,276,OK,0.359
2026-09-28T20:06:08.115+00:00,ospf,fwd,277,OK,0.177
2026-09-28T20:06:08.323+00:00,ospf,fwd,278,OK,0.243
2026-09-28T20:06:08.528+00:00,ospf,fwd,279,OK,0.147
2026-09-28T20:06:08.731+00:00,ospf,fwd,280,OK,0.176
2026-09-28T20:06:08.935+00:00,ospf,fwd,281,OK,0.117
2026-09-28T20:06:09.139+00:00,ospf,fwd,282,OK,0.109
2026-09-28T20:06:09.343+00:00,ospf,fwd,283,OK,0.173
2026-09-28T20:06:09.547+00:00,ospf,fwd,284,OK,0.100
2026-09-28T20:06:09.751+00:00,ospf,fwd,285,OK,0.191
2026-09-28T20:06:09.959+00:00,ospf,fwd,286,OK,0.284
2026-09-28T20:06:10.163+00:00,ospf,fwd,287,OK,0.146
2026-09-28T20:06:10.368+00:00,ospf,fwd,288,OK,0.131
2026-09-28T20:06:10.571+00:00,ospf,fwd,289,OK,0.104
2026-09-28T20:06:10.775+00:00,ospf,fwd,290,OK,0.111
2026-09-28T20:06:10.979+00:00,ospf,fwd,291,OK,0.138
2026-09-28T20:06:11.183+00:00,ospf,fwd,292,OK,0.192
2026-09-28T20:06:11.388+00:00,ospf,fwd,293,OK,0.201
2026-09-28T20:06:11.591+00:00,ospf,fwd,294,OK,0.098
2026-09-28T20:06:11.795+00:00,ospf,fwd,295,OK,0.085
2026-09-28T20:06:11.999+00:00,ospf,fwd,296,OK,0.113
2026-09-28T20:06:12.203+00:00,ospf,fwd,297,OK,0.128
2026-09-28T20:06:12.407+00:00,ospf,fwd,298,OK,0.129
2026-09-28T20:06:12.611+00:00,ospf,fwd,299,OK,0.166
2026-09-28T20:06:12.815+00:00,ospf,fwd,300,OK,0.178
2026-09-28T20:06:13.019+00:00,ospf,fwd,301,OK,0.093
2026-09-28T20:06:13.223+00:00,ospf,fwd,302,OK,0.100
2026-09-28T20:06:13.427+00:00,ospf,fwd,303,OK,0.196
2026-09-28T20:06:13.635+00:00,ospf,fwd,304,OK,0.170
2026-09-28T20:06:13.839+00:00,ospf,fwd,305,OK,0.152
2026-09-28T20:06:14.043+00:00,ospf,fwd,306,OK,0.131
2026-09-28T20:06:14.251+00:00,ospf,fwd,307,OK,0.138
2026-09-28T20:06:14.455+00:00,ospf,fwd,308,OK,0.113
2026-09-28T20:06:14.663+00:00,ospf,fwd,309,OK,0.174
2026-09-28T20:06:14.871+00:00,ospf,fwd,310,OK,0.176
2026-09-28T20:06:15.075+00:00,ospf,fwd,311,OK,0.129
2026-09-28T20:06:15.279+00:00,ospf,fwd,312,OK,0.168
2026-09-28T20:06:15.483+00:00,ospf,fwd,313,OK,0.145
2026-09-28T20:06:15.687+00:00,ospf,fwd,314,OK,0.098
2026-09-28T20:06:15.891+00:00,ospf,fwd,315,OK,0.126
2026-09-28T20:06:16.095+00:00,ospf,fwd,316,OK,0.442
2026-09-28T20:06:16.299+00:00,ospf,fwd,317,OK,0.113
2026-09-28T20:06:16.503+00:00,ospf,fwd,318,OK,0.108
2026-09-28T20:06:16.707+00:00,ospf,fwd,319,OK,0.133
2026-09-28T20:06:16.911+00:00,ospf,fwd,320,OK,0.167
2026-09-28T20:06:17.115+00:00,ospf,fwd,321,OK,0.147
2026-09-28T20:06:17.319+00:00,ospf,fwd,322,OK,0.129
2026-09-28T20:06:17.523+00:00,ospf,fwd,323,OK,0.105
2026-09-28T20:06:17.727+00:00,ospf,fwd,324,OK,0.126
2026-09-28T20:06:17.931+00:00,ospf,fwd,325,OK,0.195
2026-09-28T20:06:18.135+00:00,ospf,fwd,326,OK,0.178
2026-09-28T20:06:18.339+00:00,ospf,fwd,327,OK,0.106
2026-09-28T20:06:18.543+00:00,ospf,fwd,328,OK,0.166
2026-09-28T20:06:18.747+00:00,ospf,fwd,329,OK,0.145
2026-09-28T20:06:18.951+00:00,ospf,fwd,330,OK,0.199
2026-09-28T20:06:19.159+00:00,ospf,fwd,331,OK,0.168
2026-09-28T20:06:19.363+00:00,ospf,fwd,332,OK,0.156
2026-09-28T20:06:19.567+00:00,ospf,fwd,333,OK,0.129
2026-09-28T20:06:19.771+00:00,ospf,fwd,334,OK,0.094
2026-09-28T20:06:19.975+00:00,ospf,fwd,335,OK,0.101
2026-09-28T20:06:20.179+00:00,ospf,fwd,336,OK,0.125
2026-09-28T20:06:20.384+00:00,ospf,fwd,337,OK,0.183
2026-09-28T20:06:20.588+00:00,ospf,fwd,338,OK,0.134
2026-09-28T20:06:20.791+00:00,ospf,fwd,339,OK,0.178
2026-09-28T20:06:20.999+00:00,ospf,fwd,340,OK,0.184
2026-09-28T20:06:21.207+00:00,ospf,fwd,341,OK,0.354
2026-09-28T20:06:21.412+00:00,ospf,fwd,342,OK,0.269
2026-09-28T20:06:21.619+00:00,ospf,fwd,343,OK,0.183
2026-09-28T20:06:21.828+00:00,ospf,fwd,344,OK,0.228
2026-09-28T20:06:22.031+00:00,ospf,fwd,345,OK,0.152
2026-09-28T20:06:22.235+00:00,ospf,fwd,346,OK,0.168
2026-09-28T20:06:22.439+00:00,ospf,fwd,347,OK,0.133
2026-09-28T20:06:22.643+00:00,ospf,fwd,348,OK,0.188
2026-09-28T20:06:22.847+00:00,ospf,fwd,349,OK,0.130
2026-09-28T20:06:23.055+00:00,ospf,fwd,350,OK,0.114
2026-09-28T20:06:23.259+00:00,ospf,fwd,351,OK,0.176
2026-09-28T20:06:23.467+00:00,ospf,fwd,352,OK,0.130
2026-09-28T20:06:23.671+00:00,ospf,fwd,353,OK,0.137
2026-09-28T20:06:23.875+00:00,ospf,fwd,354,OK,0.404
2026-09-28T20:06:24.079+00:00,ospf,fwd,355,OK,0.094
2026-09-28T20:06:24.283+00:00,ospf,fwd,356,OK,0.096
2026-09-28T20:06:24.487+00:00,ospf,fwd,357,OK,0.092
2026-09-28T20:06:24.691+00:00,ospf,fwd,358,OK,0.114
2026-09-28T20:06:24.895+00:00,ospf,fwd,359,OK,0.126
2026-09-28T20:06:25.099+00:00,ospf,fwd,360,OK,0.092
2026-09-28T20:06:25.303+00:00,ospf,fwd,361,OK,0.116
2026-09-28T20:06:25.507+00:00,ospf,fwd,362,OK,0.092
2026-09-28T20:06:25.711+00:00,ospf,fwd,363,OK,0.122
2026-09-28T20:06:25.915+00:00,ospf,fwd,364,OK,0.195
2026-09-28T20:06:26.123+00:00,ospf,fwd,365,OK,0.184
2026-09-28T20:06:26.327+00:00,ospf,fwd,366,OK,0.203
2026-09-28T20:06:26.531+00:00,ospf,fwd,367,OK,0.154
2026-09-28T20:06:26.735+00:00,ospf,fwd,368,OK,0.171
2026-09-28T20:06:26.939+00:00,ospf,fwd,369,OK,0.180
2026-09-28T20:06:27.143+00:00,ospf,fwd,370,OK,0.139
2026-09-28T20:06:27.347+00:00,ospf,fwd,371,OK,0.130
2026-09-28T20:06:27.551+00:00,ospf,fwd,372,OK,0.117
2026-09-28T20:06:27.755+00:00,ospf,fwd,373,OK,0.169
2026-09-28T20:06:27.963+00:00,ospf,fwd,374,OK,0.178
2026-09-28T20:06:28.167+00:00,ospf,fwd,375,OK,0.195
2026-09-28T20:06:28.371+00:00,ospf,fwd,376,OK,0.187
2026-09-28T20:06:28.575+00:00,ospf,fwd,377,OK,0.123
2026-09-28T20:06:28.779+00:00,ospf,fwd,378,OK,0.155
2026-09-28T20:06:28.983+00:00,ospf,fwd,379,OK,0.186
2026-09-28T20:06:29.187+00:00,ospf,fwd,380,OK,0.160
2026-09-28T20:06:29.391+00:00,ospf,fwd,381,OK,0.079
2026-09-28T20:06:29.595+00:00,ospf,fwd,382,OK,0.140
2026-09-28T20:06:29.799+00:00,ospf,fwd,383,OK,0.137
2026-09-28T20:06:30.003+00:00,ospf,fwd,384,OK,0.132
2026-09-28T20:06:30.207+00:00,ospf,fwd,385,OK,0.099
2026-09-28T20:06:30.412+00:00,ospf,fwd,386,OK,0.445
2026-09-28T20:06:30.615+00:00,ospf,fwd,387,OK,0.150
2026-09-28T20:06:30.819+00:00,ospf,fwd,388,OK,0.101
2026-09-28T20:06:31.023+00:00,ospf,fwd,389,OK,0.119
2026-09-28T20:06:31.227+00:00,ospf,fwd,390,OK,0.213
2026-09-28T20:06:31.431+00:00,ospf,fwd,391,OK,0.094
2026-09-28T20:06:31.635+00:00,ospf,fwd,392,OK,0.129
2026-09-28T20:06:31.839+00:00,ospf,fwd,393,OK,0.156
2026-09-28T20:06:32.043+00:00,ospf,fwd,394,OK,0.099
2026-09-28T20:06:32.247+00:00,ospf,fwd,395,OK,0.101
2026-09-28T20:06:32.451+00:00,ospf,fwd,396,OK,0.084
2026-09-28T20:06:32.656+00:00,ospf,fwd,397,OK,0.790
2026-09-28T20:06:32.856+00:00,ospf,fwd,398,OK,0.127
2026-09-28T20:06:33.059+00:00,ospf,fwd,399,OK,0.103
2026-09-28T20:06:33.263+00:00,ospf,fwd,400,OK,0.103
2026-09-28T20:06:33.468+00:00,ospf,fwd,401,OK,0.568
2026-09-28T20:06:33.671+00:00,ospf,fwd,402,OK,0.077
2026-09-28T20:06:33.875+00:00,ospf,fwd,403,OK,0.162
2026-09-28T20:06:34.079+00:00,ospf,fwd,404,OK,0.105
2026-09-28T20:06:34.283+00:00,ospf,fwd,405,OK,0.114
2026-09-28T20:06:34.487+00:00,ospf,fwd,406,OK,0.083
2026-09-28T20:06:34.691+00:00,ospf,fwd,407,OK,0.083
2026-09-28T20:06:34.899+00:00,ospf,fwd,408,OK,0.141
2026-09-28T20:06:35.105+00:00,ospf,fwd,409,OK,0.175
2026-09-28T20:06:35.311+00:00,ospf,fwd,410,OK,0.161
2026-09-28T20:06:35.515+00:00,ospf,fwd,411,OK,0.127
2026-09-28T20:06:35.724+00:00,ospf,fwd,412,OK,0.175
2026-09-28T20:06:35.932+00:00,ospf,fwd,413,OK,0.235
2026-09-28T20:06:36.135+00:00,ospf,fwd,414,OK,0.187
2026-09-28T20:06:36.339+00:00,ospf,fwd,415,OK,0.117
2026-09-28T20:06:36.543+00:00,ospf,fwd,416,OK,0.126
2026-09-28T20:06:36.747+00:00,ospf,fwd,417,OK,0.163
2026-09-28T20:06:36.951+00:00,ospf,fwd,418,OK,0.116
2026-09-28T20:06:37.159+00:00,ospf,fwd,419,OK,0.135
2026-09-28T20:06:37.363+00:00,ospf,fwd,420,OK,0.171
2026-09-28T20:06:37.567+00:00,ospf,fwd,421,OK,0.106
2026-09-28T20:06:37.771+00:00,ospf,fwd,422,OK,0.105
2026-09-28T20:06:37.975+00:00,ospf,fwd,423,OK,0.127
2026-09-28T20:06:38.179+00:00,ospf,fwd,424,OK,0.134
2026-09-28T20:06:38.383+00:00,ospf,fwd,425,OK,0.192
2026-09-28T20:06:38.587+00:00,ospf,fwd,426,OK,0.201
2026-09-28T20:06:38.791+00:00,ospf,fwd,427,OK,0.183
2026-09-28T20:06:38.995+00:00,ospf,fwd,428,OK,0.193
2026-09-28T20:06:39.199+00:00,ospf,fwd,429,OK,0.153
2026-09-28T20:06:39.403+00:00,ospf,fwd,430,OK,0.169
2026-09-28T20:06:39.607+00:00,ospf,fwd,431,OK,0.167
2026-09-28T20:06:39.811+00:00,ospf,fwd,432,OK,0.151
2026-09-28T20:06:40.015+00:00,ospf,fwd,433,OK,0.108
2026-09-28T20:06:40.219+00:00,ospf,fwd,434,OK,0.142
2026-09-28T20:06:40.423+00:00,ospf,fwd,435,OK,0.136
2026-09-28T20:06:40.627+00:00,ospf,fwd,436,OK,0.200
2026-09-28T20:06:40.831+00:00,ospf,fwd,437,OK,0.158
2026-09-28T20:06:41.036+00:00,ospf,fwd,438,OK,0.156
2026-09-28T20:06:41.239+00:00,ospf,fwd,439,OK,0.129
2026-09-28T20:06:41.443+00:00,ospf,fwd,440,OK,0.148
2026-09-28T20:06:41.647+00:00,ospf,fwd,441,OK,0.114
2026-09-28T20:06:41.851+00:00,ospf,fwd,442,OK,0.138
2026-09-28T20:06:42.055+00:00,ospf,fwd,443,OK,0.147
2026-09-28T20:06:42.259+00:00,ospf,fwd,444,OK,0.109
2026-09-28T20:06:42.463+00:00,ospf,fwd,445,OK,0.088
2026-09-28T20:06:42.667+00:00,ospf,fwd,446,OK,0.082
2026-09-28T20:06:42.871+00:00,ospf,fwd,447,OK,0.211
2026-09-28T20:06:43.075+00:00,ospf,fwd,448,OK,0.231
2026-09-28T20:06:43.279+00:00,ospf,fwd,449,OK,0.197
2026-09-28T20:06:43.483+00:00,ospf,fwd,450,OK,0.178
2026-09-28T20:06:43.692+00:00,ospf,fwd,451,OK,0.266
2026-09-28T20:06:43.899+00:00,ospf,fwd,452,OK,0.157
2026-09-28T20:06:44.103+00:00,ospf,fwd,453,OK,0.210
2026-09-28T20:06:44.307+00:00,ospf,fwd,454,OK,0.094
2026-09-28T20:06:44.511+00:00,ospf,fwd,455,OK,0.087
2026-09-28T20:06:44.715+00:00,ospf,fwd,456,OK,0.118
2026-09-28T20:06:44.919+00:00,ospf,fwd,457,OK,0.101
2026-09-28T20:06:45.123+00:00,ospf,fwd,458,OK,0.239
2026-09-28T20:06:45.327+00:00,ospf,fwd,459,OK,0.128
2026-09-28T20:06:45.535+00:00,ospf,fwd,460,OK,0.182
2026-09-28T20:06:45.739+00:00,ospf,fwd,461,OK,0.095
2026-09-28T20:06:45.943+00:00,ospf,fwd,462,OK,0.099
2026-09-28T20:06:46.147+00:00,ospf,fwd,463,OK,0.135
2026-09-28T20:06:46.356+00:00,ospf,fwd,464,OK,0.406
2026-09-28T20:06:46.559+00:00,ospf,fwd,465,OK,0.133
2026-09-28T20:06:46.763+00:00,ospf,fwd,466,OK,0.153
2026-09-28T20:06:46.968+00:00,ospf,fwd,467,OK,0.248
2026-09-28T20:06:47.171+00:00,ospf,fwd,468,OK,0.128
2026-09-28T20:06:47.375+00:00,ospf,fwd,469,OK,0.131
2026-09-28T20:06:47.579+00:00,ospf,fwd,470,OK,0.126
2026-09-28T20:06:47.783+00:00,ospf,fwd,471,OK,0.079
2026-09-28T20:06:47.987+00:00,ospf,fwd,472,OK,0.182
2026-09-28T20:06:48.191+00:00,ospf,fwd,473,OK,0.160
2026-09-28T20:06:48.395+00:00,ospf,fwd,474,OK,0.173
2026-09-28T20:06:48.599+00:00,ospf,fwd,475,OK,0.090
2026-09-28T20:06:48.803+00:00,ospf,fwd,476,OK,0.150
2026-09-28T20:06:49.007+00:00,ospf,fwd,477,OK,0.158
2026-09-28T20:06:49.211+00:00,ospf,fwd,478,OK,0.185
2026-09-28T20:06:49.415+00:00,ospf,fwd,479,OK,0.224
2026-09-28T20:06:49.619+00:00,ospf,fwd,480,OK,0.134
2026-09-28T20:06:49.823+00:00,ospf,fwd,481,OK,0.142
2026-09-28T20:06:50.028+00:00,ospf,fwd,482,OK,0.092
2026-09-28T20:06:50.231+00:00,ospf,fwd,483,OK,0.189
2026-09-28T20:06:50.435+00:00,ospf,fwd,484,OK,0.191
2026-09-28T20:06:50.643+00:00,ospf,fwd,485,OK,0.214
2026-09-28T20:06:50.847+00:00,ospf,fwd,486,OK,0.147
2026-09-28T20:06:51.051+00:00,ospf,fwd,487,OK,0.196
2026-09-28T20:06:51.255+00:00,ospf,fwd,488,OK,0.184
2026-09-28T20:06:51.459+00:00,ospf,fwd,489,OK,0.232
2026-09-28T20:06:51.663+00:00,ospf,fwd,490,OK,0.137
2026-09-28T20:06:51.867+00:00,ospf,fwd,491,OK,0.192
2026-09-28T20:06:52.075+00:00,ospf,fwd,492,OK,0.173
2026-09-28T20:06:52.279+00:00,ospf,fwd,493,OK,0.185
2026-09-28T20:06:52.483+00:00,ospf,fwd,494,OK,0.194
2026-09-28T20:06:52.687+00:00,ospf,fwd,495,OK,0.188
2026-09-28T20:06:52.891+00:00,ospf,fwd,496,OK,0.198
2026-09-28T20:06:53.095+00:00,ospf,fwd,497,OK,0.107
2026-09-28T20:06:53.299+00:00,ospf,fwd,498,OK,0.184
2026-09-28T20:06:53.503+00:00,ospf,fwd,499,OK,0.125
2026-09-28T20:06:53.712+00:00,ospf,fwd,500,OK,0.188
2026-09-28T20:06:53.915+00:00,ospf,fwd,501,OK,0.190
2026-09-28T20:06:54.119+00:00,ospf,fwd,502,OK,0.161
2026-09-28T20:06:54.323+00:00,ospf,fwd,503,OK,0.197
2026-09-28T20:06:54.527+00:00,ospf,fwd,504,OK,0.220
2026-09-28T20:06:54.731+00:00,ospf,fwd,505,OK,0.118
2026-09-28T20:06:54.935+00:00,ospf,fwd,506,OK,0.199
2026-09-28T20:06:55.139+00:00,ospf,fwd,507,OK,0.182
2026-09-28T20:06:55.343+00:00,ospf,fwd,508,OK,0.101
2026-09-28T20:06:55.548+00:00,ospf,fwd,509,OK,0.188
2026-09-28T20:06:55.751+00:00,ospf,fwd,510,OK,0.198
2026-09-28T20:06:55.955+00:00,ospf,fwd,511,OK,0.158
2026-09-28T20:06:56.159+00:00,ospf,fwd,512,OK,0.185
2026-09-28T20:06:56.363+00:00,ospf,fwd,513,OK,0.141
2026-09-28T20:06:56.567+00:00,ospf,fwd,514,OK,0.155
2026-09-28T20:06:56.771+00:00,ospf,fwd,515,OK,0.177
2026-09-28T20:06:56.975+00:00,ospf,fwd,516,OK,0.096
2026-09-28T20:06:57.179+00:00,ospf,fwd,517,OK,0.196
2026-09-28T20:06:57.384+00:00,ospf,fwd,518,OK,0.154
2026-09-28T20:06:57.587+00:00,ospf,fwd,519,OK,0.177
2026-09-28T20:06:57.791+00:00,ospf,fwd,520,OK,0.189
2026-09-28T20:06:57.995+00:00,ospf,fwd,521,OK,0.209
2026-09-28T20:06:58.199+00:00,ospf,fwd,522,OK,0.169
2026-09-28T20:06:58.403+00:00,ospf,fwd,523,OK,0.179
2026-09-28T20:06:58.608+00:00,ospf,fwd,524,OK,0.180
2026-09-28T20:06:58.811+00:00,ospf,fwd,525,OK,0.122
2026-09-28T20:06:59.015+00:00,ospf,fwd,526,OK,0.196
2026-09-28T20:06:59.219+00:00,ospf,fwd,527,OK,0.128
2026-09-28T20:06:59.423+00:00,ospf,fwd,528,OK,0.178
2026-09-28T20:06:59.627+00:00,ospf,fwd,529,OK,0.185
2026-09-28T20:06:59.831+00:00,ospf,fwd,530,OK,0.138
2026-09-28T20:07:00.035+00:00,ospf,fwd,531,OK,0.176
2026-09-28T20:07:00.239+00:00,ospf,fwd,532,OK,0.162
2026-09-28T20:07:00.443+00:00,ospf,fwd,533,OK,0.132
2026-09-28T20:07:00.647+00:00,ospf,fwd,534,OK,0.166
2026-09-28T20:07:00.851+00:00,ospf,fwd,535,OK,0.142
2026-09-28T20:07:01.055+00:00,ospf,fwd,536,OK,0.122
2026-09-28T20:07:01.259+00:00,ospf,fwd,537,OK,0.109
2026-09-28T20:07:01.463+00:00,ospf,fwd,538,OK,0.145
2026-09-28T20:07:01.667+00:00,ospf,fwd,539,OK,0.158
2026-09-28T20:07:01.871+00:00,ospf,fwd,540,OK,0.110
2026-09-28T20:07:02.075+00:00,ospf,fwd,541,OK,0.113
2026-09-28T20:07:02.279+00:00,ospf,fwd,542,OK,0.141
2026-09-28T20:07:02.483+00:00,ospf,fwd,543,OK,0.168
2026-09-28T20:07:02.687+00:00,ospf,fwd,544,OK,0.096
2026-09-28T20:07:02.891+00:00,ospf,fwd,545,OK,0.136
2026-09-28T20:07:03.095+00:00,ospf,fwd,546,OK,0.092
2026-09-28T20:07:03.299+00:00,ospf,fwd,547,OK,0.102
2026-09-28T20:07:03.503+00:00,ospf,fwd,548,OK,0.084
2026-09-28T20:07:03.707+00:00,ospf,fwd,549,OK,0.108
2026-09-28T20:07:03.911+00:00,ospf,fwd,550,OK,0.167
2026-09-28T20:07:04.115+00:00,ospf,fwd,551,OK,0.117
2026-09-28T20:07:04.319+00:00,ospf,fwd,552,OK,0.090
2026-09-28T20:07:04.523+00:00,ospf,fwd,553,OK,0.085
2026-09-28T20:07:04.727+00:00,ospf,fwd,554,OK,0.192
2026-09-28T20:07:04.931+00:00,ospf,fwd,555,OK,0.143
2026-09-28T20:07:05.135+00:00,ospf,fwd,556,OK,0.202
2026-09-28T20:07:05.339+00:00,ospf,fwd,557,OK,0.137
2026-09-28T20:07:05.543+00:00,ospf,fwd,558,OK,0.165
2026-09-28T20:07:05.747+00:00,ospf,fwd,559,OK,0.189
2026-09-28T20:07:05.951+00:00,ospf,fwd,560,OK,0.196
2026-09-28T20:07:06.155+00:00,ospf,fwd,561,OK,0.155
2026-09-28T20:07:06.359+00:00,ospf,fwd,562,OK,0.097
2026-09-28T20:07:06.563+00:00,ospf,fwd,563,OK,0.106
2026-09-28T20:07:06.767+00:00,ospf,fwd,564,OK,0.130
2026-09-28T20:07:06.971+00:00,ospf,fwd,565,OK,0.091
2026-09-28T20:07:07.175+00:00,ospf,fwd,566,OK,0.214
2026-09-28T20:07:07.379+00:00,ospf,fwd,567,OK,0.160
2026-09-28T20:07:07.583+00:00,ospf,fwd,568,OK,0.111
2026-09-28T20:07:07.787+00:00,ospf,fwd,569,OK,0.109
2026-09-28T20:07:07.991+00:00,ospf,fwd,570,OK,0.139
2026-09-28T20:07:08.196+00:00,ospf,fwd,571,OK,0.671
2026-09-28T20:07:08.399+00:00,ospf,fwd,572,OK,0.241
2026-09-28T20:07:08.603+00:00,ospf,fwd,573,OK,0.086
2026-09-28T20:07:08.807+00:00,ospf,fwd,574,OK,0.104
2026-09-28T20:07:09.011+00:00,ospf,fwd,575,OK,0.170
2026-09-28T20:07:09.215+00:00,ospf,fwd,576,OK,0.157
2026-09-28T20:07:09.419+00:00,ospf,fwd,577,OK,0.159
2026-09-28T20:07:09.627+00:00,ospf,fwd,578,OK,0.169
2026-09-28T20:07:09.827+00:00,ospf,fwd,579,OK,0.143
2026-09-28T20:07:10.031+00:00,ospf,fwd,580,OK,0.123
2026-09-28T20:07:10.235+00:00,ospf,fwd,581,OK,0.132
2026-09-28T20:07:10.439+00:00,ospf,fwd,582,OK,0.151
2026-09-28T20:07:10.643+00:00,ospf,fwd,583,OK,0.098
2026-09-28T20:07:10.847+00:00,ospf,fwd,584,OK,0.161
2026-09-28T20:07:11.051+00:00,ospf,fwd,585,OK,0.120
2026-09-28T20:07:11.255+00:00,ospf,fwd,586,OK,0.093
2026-09-28T20:07:11.459+00:00,ospf,fwd,587,OK,0.089
2026-09-28T20:07:11.663+00:00,ospf,fwd,588,OK,0.190
2026-09-28T20:07:11.867+00:00,ospf,fwd,589,OK,0.141
2026-09-28T20:07:12.071+00:00,ospf,fwd,590,OK,0.172
2026-09-28T20:07:12.280+00:00,ospf,fwd,591,OK,0.159
2026-09-28T20:07:12.483+00:00,ospf,fwd,592,OK,0.185
2026-09-28T20:07:12.687+00:00,ospf,fwd,593,OK,0.166
2026-09-28T20:07:12.895+00:00,ospf,fwd,594,OK,0.249
2026-09-28T20:07:13.099+00:00,ospf,fwd,595,OK,0.155
2026-09-28T20:07:13.307+00:00,ospf,fwd,596,OK,0.146
2026-09-28T20:07:13.511+00:00,ospf,fwd,597,OK,0.098
2026-09-28T20:07:13.715+00:00,ospf,fwd,598,OK,0.135
2026-09-28T20:07:13.923+00:00,ospf,fwd,599,OK,0.138
2026-09-28T20:07:14.127+00:00,ospf,fwd,600,OK,0.147
2026-09-28T20:07:14.335+00:00,ospf,fwd,601,OK,0.134
2026-09-28T20:07:14.539+00:00,ospf,fwd,602,OK,0.101
2026-09-28T20:07:14.743+00:00,ospf,fwd,603,OK,0.131
2026-09-28T20:07:14.947+00:00,ospf,fwd,604,OK,0.098
2026-09-28T20:07:15.151+00:00,ospf,fwd,605,OK,0.184
2026-09-28T20:07:15.355+00:00,ospf,fwd,606,OK,0.236
2026-09-28T20:07:15.563+00:00,ospf,fwd,607,OK,0.212
2026-09-28T20:07:15.767+00:00,ospf,fwd,608,OK,0.128
2026-09-28T20:07:15.971+00:00,ospf,fwd,609,OK,0.117
2026-09-28T20:07:16.175+00:00,ospf,fwd,610,OK,0.137
2026-09-28T20:07:16.379+00:00,ospf,fwd,611,OK,0.181
2026-09-28T20:07:16.583+00:00,ospf,fwd,612,OK,0.130
2026-09-28T20:07:16.791+00:00,ospf,fwd,613,OK,0.165
2026-09-28T20:07:16.995+00:00,ospf,fwd,614,OK,0.093
2026-09-28T20:07:17.199+00:00,ospf,fwd,615,OK,0.137
2026-09-28T20:07:17.403+00:00,ospf,fwd,616,OK,0.223
2026-09-28T20:07:17.611+00:00,ospf,fwd,617,OK,0.180
2026-09-28T20:07:17.815+00:00,ospf,fwd,618,OK,0.134
2026-09-28T20:07:18.019+00:00,ospf,fwd,619,OK,0.115
2026-09-28T20:07:18.223+00:00,ospf,fwd,620,OK,0.122
2026-09-28T20:07:18.427+00:00,ospf,fwd,621,OK,0.108
2026-09-28T20:07:18.631+00:00,ospf,fwd,622,OK,0.152
2026-09-28T20:07:18.835+00:00,ospf,fwd,623,OK,0.131
2026-09-28T20:07:19.039+00:00,ospf,fwd,624,OK,0.177
2026-09-28T20:07:19.248+00:00,ospf,fwd,625,OK,0.590
2026-09-28T20:07:19.451+00:00,ospf,fwd,626,OK,0.171
2026-09-28T20:07:19.655+00:00,ospf,fwd,627,OK,0.175
2026-09-28T20:07:19.859+00:00,ospf,fwd,628,OK,0.205
2026-09-28T20:07:20.063+00:00,ospf,fwd,629,OK,0.199
2026-09-28T20:07:20.271+00:00,ospf,fwd,630,OK,0.156
2026-09-28T20:07:20.475+00:00,ospf,fwd,631,OK,0.085
2026-09-28T20:07:20.679+00:00,ospf,fwd,632,OK,0.083
2026-09-28T20:07:20.883+00:00,ospf,fwd,633,OK,0.158
2026-09-28T20:07:21.087+00:00,ospf,fwd,634,OK,0.100
2026-09-28T20:07:21.291+00:00,ospf,fwd,635,OK,0.095
2026-09-28T20:07:21.495+00:00,ospf,fwd,636,OK,0.133
2026-09-28T20:07:21.699+00:00,ospf,fwd,637,OK,0.188
2026-09-28T20:07:21.903+00:00,ospf,fwd,638,OK,0.122
2026-09-28T20:07:22.107+00:00,ospf,fwd,639,OK,0.113
2026-09-28T20:07:22.311+00:00,ospf,fwd,640,OK,0.082
2026-09-28T20:07:22.516+00:00,ospf,fwd,641,OK,0.133
2026-09-28T20:07:22.719+00:00,ospf,fwd,642,OK,0.109
2026-09-28T20:07:22.927+00:00,ospf,fwd,643,OK,0.164
2026-09-28T20:07:23.131+00:00,ospf,fwd,644,OK,0.117
2026-09-28T20:07:23.335+00:00,ospf,fwd,645,OK,0.084
2026-09-28T20:07:23.539+00:00,ospf,fwd,646,OK,0.082
2026-09-28T20:07:23.743+00:00,ospf,fwd,647,OK,0.193
2026-09-28T20:07:23.947+00:00,ospf,fwd,648,OK,0.188
2026-09-28T20:07:24.155+00:00,ospf,fwd,649,OK,0.137
2026-09-28T20:07:24.359+00:00,ospf,fwd,650,OK,0.092
2026-09-28T20:07:24.563+00:00,ospf,fwd,651,OK,0.077
2026-09-28T20:07:24.767+00:00,ospf,fwd,652,OK,0.118
2026-09-28T20:07:24.971+00:00,ospf,fwd,653,OK,0.084
2026-09-28T20:07:25.175+00:00,ospf,fwd,654,OK,0.186
2026-09-28T20:07:25.379+00:00,ospf,fwd,655,OK,0.083
2026-09-28T20:07:25.583+00:00,ospf,fwd,656,OK,0.076
2026-09-28T20:07:25.787+00:00,ospf,fwd,657,OK,0.185
2026-09-28T20:07:25.995+00:00,ospf,fwd,658,OK,0.186
2026-09-28T20:07:26.199+00:00,ospf,fwd,659,OK,0.201
2026-09-28T20:07:26.408+00:00,ospf,fwd,660,OK,0.167
2026-09-28T20:07:26.611+00:00,ospf,fwd,661,OK,0.141
2026-09-28T20:07:26.816+00:00,ospf,fwd,662,OK,0.178
2026-09-28T20:07:27.019+00:00,ospf,fwd,663,OK,0.209
2026-09-28T20:07:27.223+00:00,ospf,fwd,664,OK,0.144
2026-09-28T20:07:27.431+00:00,ospf,fwd,665,OK,0.166
2026-09-28T20:07:27.635+00:00,ospf,fwd,666,OK,0.144
2026-09-28T20:07:27.839+00:00,ospf,fwd,667,OK,0.187
2026-09-28T20:07:28.043+00:00,ospf,fwd,668,OK,0.143
2026-09-28T20:07:28.247+00:00,ospf,fwd,669,OK,0.120
2026-09-28T20:07:28.451+00:00,ospf,fwd,670,OK,0.112
2026-09-28T20:07:28.655+00:00,ospf,fwd,671,OK,0.122
2026-09-28T20:07:28.859+00:00,ospf,fwd,672,OK,0.155
2026-09-28T20:07:29.063+00:00,ospf,fwd,673,OK,0.171
2026-09-28T20:07:29.267+00:00,ospf,fwd,674,OK,0.098
2026-09-28T20:07:29.471+00:00,ospf,fwd,675,OK,0.129
2026-09-28T20:07:29.679+00:00,ospf,fwd,676,OK,0.156
2026-09-28T20:07:29.883+00:00,ospf,fwd,677,OK,0.128
2026-09-28T20:07:30.087+00:00,ospf,fwd,678,OK,0.097
2026-09-28T20:07:30.291+00:00,ospf,fwd,679,OK,0.159
2026-09-28T20:07:30.495+00:00,ospf,fwd,680,OK,0.156
2026-09-28T20:07:30.699+00:00,ospf,fwd,681,OK,0.147
2026-09-28T20:07:30.903+00:00,ospf,fwd,682,OK,0.099
2026-09-28T20:07:31.107+00:00,ospf,fwd,683,OK,0.169
2026-09-28T20:07:31.311+00:00,ospf,fwd,684,OK,0.092
2026-09-28T20:07:31.519+00:00,ospf,fwd,685,OK,0.164
2026-09-28T20:07:31.723+00:00,ospf,fwd,686,OK,0.173
2026-09-28T20:07:31.927+00:00,ospf,fwd,687,OK,0.098
2026-09-28T20:07:32.131+00:00,ospf,fwd,688,OK,0.146
2026-09-28T20:07:32.335+00:00,ospf,fwd,689,OK,0.082
2026-09-28T20:07:32.539+00:00,ospf,fwd,690,OK,0.137
2026-09-28T20:07:32.743+00:00,ospf,fwd,691,OK,0.151
2026-09-28T20:07:32.947+00:00,ospf,fwd,692,OK,0.261
2026-09-28T20:07:33.151+00:00,ospf,fwd,693,OK,0.286
2026-09-28T20:07:33.359+00:00,ospf,fwd,694,OK,0.130
2026-09-28T20:07:33.564+00:00,ospf,fwd,695,OK,0.269
2026-09-28T20:07:33.771+00:00,ospf,fwd,696,OK,0.203
2026-09-28T20:07:33.979+00:00,ospf,fwd,697,OK,0.143
2026-09-28T20:07:34.183+00:00,ospf,fwd,698,OK,0.143
2026-09-28T20:07:34.387+00:00,ospf,fwd,699,OK,0.139
2026-09-28T20:07:34.591+00:00,ospf,fwd,700,OK,0.120
2026-09-28T20:07:34.795+00:00,ospf,fwd,701,OK,0.429
2026-09-28T20:07:34.999+00:00,ospf,fwd,702,OK,0.127
2026-09-28T20:07:35.203+00:00,ospf,fwd,703,OK,0.122
2026-09-28T20:07:35.407+00:00,ospf,fwd,704,OK,0.163
2026-09-28T20:07:35.611+00:00,ospf,fwd,705,OK,0.144
2026-09-28T20:07:35.815+00:00,ospf,fwd,706,OK,0.153
2026-09-28T20:07:36.019+00:00,ospf,fwd,707,OK,0.171
2026-09-28T20:07:36.223+00:00,ospf,fwd,708,OK,0.162
2026-09-28T20:07:36.427+00:00,ospf,fwd,709,OK,0.081
2026-09-28T20:07:36.635+00:00,ospf,fwd,710,OK,0.144
2026-09-28T20:07:36.839+00:00,ospf,fwd,711,OK,0.115
2026-09-28T20:07:37.043+00:00,ospf,fwd,712,OK,0.181
2026-09-28T20:07:37.248+00:00,ospf,fwd,713,OK,0.231
2026-09-28T20:07:37.455+00:00,ospf,fwd,714,OK,0.137
2026-09-28T20:07:37.659+00:00,ospf,fwd,715,OK,0.134
2026-09-28T20:07:37.863+00:00,ospf,fwd,716,OK,0.127
2026-09-28T20:07:38.067+00:00,ospf,fwd,717,OK,0.089
2026-09-28T20:07:38.271+00:00,ospf,fwd,718,OK,0.128
2026-09-28T20:07:38.475+00:00,ospf,fwd,719,OK,0.173
2026-09-28T20:07:38.679+00:00,ospf,fwd,720,OK,0.188
2026-09-28T20:07:38.883+00:00,ospf,fwd,721,OK,0.135
2026-09-28T20:07:39.087+00:00,ospf,fwd,722,OK,0.157
2026-09-28T20:07:39.291+00:00,ospf,fwd,723,OK,0.123
2026-09-28T20:07:39.495+00:00,ospf,fwd,724,OK,0.160
2026-09-28T20:07:39.699+00:00,ospf,fwd,725,OK,0.149
2026-09-28T20:07:39.903+00:00,ospf,fwd,726,OK,0.213
2026-09-28T20:07:40.107+00:00,ospf,fwd,727,OK,0.201
2026-09-28T20:07:40.311+00:00,ospf,fwd,728,OK,0.123
2026-09-28T20:07:40.515+00:00,ospf,fwd,729,OK,0.199
2026-09-28T20:07:40.720+00:00,ospf,fwd,730,OK,0.208
2026-09-28T20:07:40.928+00:00,ospf,fwd,731,OK,0.550
2026-09-28T20:07:41.135+00:00,ospf,fwd,732,OK,0.184
2026-09-28T20:07:41.339+00:00,ospf,fwd,733,OK,0.156
2026-09-28T20:07:41.543+00:00,ospf,fwd,734,OK,0.150
2026-09-28T20:07:41.747+00:00,ospf,fwd,735,OK,0.127
2026-09-28T20:07:41.951+00:00,ospf,fwd,736,OK,0.162
2026-09-28T20:07:42.155+00:00,ospf,fwd,737,OK,0.230
2026-09-28T20:07:42.359+00:00,ospf,fwd,738,OK,0.092
2026-09-28T20:07:42.563+00:00,ospf,fwd,739,OK,0.081
2026-09-28T20:07:42.767+00:00,ospf,fwd,740,OK,0.103
2026-09-28T20:07:42.975+00:00,ospf,fwd,741,OK,0.094
2026-09-28T20:07:43.180+00:00,ospf,fwd,742,OK,0.190
2026-09-28T20:07:43.383+00:00,ospf,fwd,743,OK,0.120
2026-09-28T20:07:43.591+00:00,ospf,fwd,744,OK,0.127
2026-09-28T20:07:43.795+00:00,ospf,fwd,745,OK,0.176
2026-09-28T20:07:44.003+00:00,ospf,fwd,746,OK,0.210
2026-09-28T20:07:44.203+00:00,ospf,fwd,747,OK,0.262
2026-09-28T20:07:44.407+00:00,ospf,fwd,748,OK,0.131
2026-09-28T20:07:44.611+00:00,ospf,fwd,749,OK,0.109
2026-09-28T20:07:44.815+00:00,ospf,fwd,750,OK,0.185
2026-09-28T20:07:45.019+00:00,ospf,fwd,751,OK,0.160
2026-09-28T20:07:45.223+00:00,ospf,fwd,752,OK,0.147
2026-09-28T20:07:45.427+00:00,ospf,fwd,753,OK,0.148
2026-09-28T20:07:45.631+00:00,ospf,fwd,754,OK,0.192
2026-09-28T20:07:45.835+00:00,ospf,fwd,755,OK,0.134
2026-09-28T20:07:46.039+00:00,ospf,fwd,756,OK,0.157
2026-09-28T20:07:46.243+00:00,ospf,fwd,757,OK,0.188
2026-09-28T20:07:46.447+00:00,ospf,fwd,758,OK,0.128
2026-09-28T20:07:46.651+00:00,ospf,fwd,759,OK,0.141
2026-09-28T20:07:46.855+00:00,ospf,fwd,760,OK,0.168
2026-09-28T20:07:47.059+00:00,ospf,fwd,761,OK,0.136
2026-09-28T20:07:47.267+00:00,ospf,fwd,762,OK,0.149
2026-09-28T20:07:47.471+00:00,ospf,fwd,763,OK,0.115
2026-09-28T20:07:47.675+00:00,ospf,fwd,764,OK,0.096
2026-09-28T20:07:47.879+00:00,ospf,fwd,765,OK,0.164
2026-09-28T20:07:48.083+00:00,ospf,fwd,766,OK,0.102
2026-09-28T20:07:48.288+00:00,ospf,fwd,767,OK,0.536
2026-09-28T20:07:48.491+00:00,ospf,fwd,768,OK,0.189
2026-09-28T20:07:48.699+00:00,ospf,fwd,769,OK,0.184
2026-09-28T20:07:48.903+00:00,ospf,fwd,770,OK,0.152
2026-09-28T20:07:49.107+00:00,ospf,fwd,771,OK,0.213
2026-09-28T20:07:49.311+00:00,ospf,fwd,772,OK,0.185
2026-09-28T20:07:49.515+00:00,ospf,fwd,773,OK,0.161
2026-09-28T20:07:49.719+00:00,ospf,fwd,774,OK,0.167
2026-09-28T20:07:49.923+00:00,ospf,fwd,775,OK,0.127
2026-09-28T20:07:50.127+00:00,ospf,fwd,776,OK,0.162
2026-09-28T20:07:50.331+00:00,ospf,fwd,777,OK,0.201
2026-09-28T20:07:50.539+00:00,ospf,fwd,778,OK,0.133
2026-09-28T20:07:50.743+00:00,ospf,fwd,779,OK,0.132
2026-09-28T20:07:50.947+00:00,ospf,fwd,780,OK,0.104
2026-09-28T20:07:51.151+00:00,ospf,fwd,781,OK,0.108
2026-09-28T20:07:51.359+00:00,ospf,fwd,782,OK,0.121
2026-09-28T20:07:51.563+00:00,ospf,fwd,783,OK,0.188
2026-09-28T20:07:51.767+00:00,ospf,fwd,784,OK,0.149
2026-09-28T20:07:51.971+00:00,ospf,fwd,785,OK,0.139
2026-09-28T20:07:52.175+00:00,ospf,fwd,786,OK,0.116
2026-09-28T20:07:52.379+00:00,ospf,fwd,787,OK,0.108
2026-09-28T20:07:52.583+00:00,ospf,fwd,788,OK,0.163
2026-09-28T20:07:52.788+00:00,ospf,fwd,789,OK,0.484
2026-09-28T20:07:52.995+00:00,ospf,fwd,790,OK,0.143
2026-09-28T20:07:53.199+00:00,ospf,fwd,791,OK,0.150
2026-09-28T20:07:53.403+00:00,ospf,fwd,792,OK,0.176
2026-09-28T20:07:53.611+00:00,ospf,fwd,793,OK,0.155
2026-09-28T20:07:53.815+00:00,ospf,fwd,794,OK,0.139
2026-09-28T20:07:54.020+00:00,ospf,fwd,795,OK,0.142
2026-09-28T20:07:54.223+00:00,ospf,fwd,796,OK,0.119
2026-09-28T20:07:54.427+00:00,ospf,fwd,797,OK,0.181
2026-09-28T20:07:54.631+00:00,ospf,fwd,798,OK,0.125
2026-09-28T20:07:54.836+00:00,ospf,fwd,799,OK,0.139
2026-09-28T20:07:55.039+00:00,ospf,fwd,800,OK,0.161
2026-09-28T20:07:55.243+00:00,ospf,fwd,801,OK,0.124
2026-09-28T20:07:55.447+00:00,ospf,fwd,802,OK,0.153
2026-09-28T20:07:55.651+00:00,ospf,fwd,803,OK,0.151
2026-09-28T20:07:55.855+00:00,ospf,fwd,804,OK,0.131
2026-09-28T20:07:56.059+00:00,ospf,fwd,805,OK,0.174
2026-09-28T20:07:56.263+00:00,ospf,fwd,806,OK,0.154
2026-09-28T20:07:56.468+00:00,ospf,fwd,807,OK,0.190
2026-09-28T20:07:56.672+00:00,ospf,fwd,808,OK,0.461
2026-09-28T20:07:56.879+00:00,ospf,fwd,809,OK,0.204
2026-09-28T20:07:57.083+00:00,ospf,fwd,810,OK,0.200
2026-09-28T20:07:57.287+00:00,ospf,fwd,811,OK,0.146
2026-09-28T20:07:57.491+00:00,ospf,fwd,812,OK,0.154
2026-09-28T20:07:57.695+00:00,ospf,fwd,813,OK,0.148
2026-09-28T20:07:57.899+00:00,ospf,fwd,814,OK,0.139
2026-09-28T20:07:58.103+00:00,ospf,fwd,815,OK,0.145
2026-09-28T20:07:58.307+00:00,ospf,fwd,816,OK,0.130
2026-09-28T20:07:58.511+00:00,ospf,fwd,817,OK,0.143
2026-09-28T20:07:58.715+00:00,ospf,fwd,818,OK,0.130
2026-09-28T20:07:58.919+00:00,ospf,fwd,819,OK,0.141
2026-09-28T20:07:59.123+00:00,ospf,fwd,820,OK,0.191
2026-09-28T20:07:59.328+00:00,ospf,fwd,821,OK,0.197
2026-09-28T20:07:59.531+00:00,ospf,fwd,822,OK,0.180
2026-09-28T20:07:59.735+00:00,ospf,fwd,823,OK,0.120
2026-09-28T20:07:59.943+00:00,ospf,fwd,824,OK,0.160
2026-09-28T20:08:00.147+00:00,ospf,fwd,825,OK,0.158
2026-09-28T20:08:00.351+00:00,ospf,fwd,826,OK,0.137
2026-09-28T20:08:00.555+00:00,ospf,fwd,827,OK,0.135
2026-09-28T20:08:00.759+00:00,ospf,fwd,828,OK,0.169
2026-09-28T20:08:00.963+00:00,ospf,fwd,829,OK,0.117
2026-09-28T20:08:01.167+00:00,ospf,fwd,830,OK,0.161
2026-09-28T20:08:01.371+00:00,ospf,fwd,831,OK,0.182
2026-09-28T20:08:01.575+00:00,ospf,fwd,832,OK,0.110
2026-09-28T20:08:01.779+00:00,ospf,fwd,833,OK,0.092
2026-09-28T20:08:01.983+00:00,ospf,fwd,834,OK,0.108
2026-09-28T20:08:02.187+00:00,ospf,fwd,835,OK,0.106
2026-09-28T20:08:02.391+00:00,ospf,fwd,836,OK,0.119
2026-09-28T20:08:02.595+00:00,ospf,fwd,837,OK,0.131
2026-09-28T20:08:02.799+00:00,ospf,fwd,838,OK,0.089
2026-09-28T20:08:03.003+00:00,ospf,fwd,839,OK,0.114
2026-09-28T20:08:03.207+00:00,ospf,fwd,840,OK,0.169
2026-09-28T20:08:03.411+00:00,ospf,fwd,841,OK,0.089
2026-09-28T20:08:03.615+00:00,ospf,fwd,842,OK,0.203
2026-09-28T20:08:03.819+00:00,ospf,fwd,843,OK,0.171
2026-09-28T20:08:04.027+00:00,ospf,fwd,844,OK,0.216
2026-09-28T20:08:04.231+00:00,ospf,fwd,845,OK,0.156
2026-09-28T20:08:04.435+00:00,ospf,fwd,846,OK,0.129
2026-09-28T20:08:04.643+00:00,ospf,fwd,847,OK,0.157
2026-09-28T20:08:04.851+00:00,ospf,fwd,848,OK,0.162
2026-09-28T20:08:05.055+00:00,ospf,fwd,849,OK,0.125
2026-09-28T20:08:05.259+00:00,ospf,fwd,850,OK,0.084
2026-09-28T20:08:05.463+00:00,ospf,fwd,851,OK,0.090
2026-09-28T20:08:05.667+00:00,ospf,fwd,852,OK,0.109
2026-09-28T20:08:05.871+00:00,ospf,fwd,853,OK,0.175
2026-09-28T20:08:06.075+00:00,ospf,fwd,854,OK,0.098
2026-09-28T20:08:06.279+00:00,ospf,fwd,855,OK,0.093
2026-09-28T20:08:06.483+00:00,ospf,fwd,856,OK,0.139
2026-09-28T20:08:06.711+00:00,ospf,fwd,857,OK,0.211
2026-09-28T20:08:06.915+00:00,ospf,fwd,858,OK,0.219
2026-09-28T20:08:07.119+00:00,ospf,fwd,859,OK,0.098
2026-09-28T20:08:07.323+00:00,ospf,fwd,860,OK,0.098
2026-09-28T20:08:07.527+00:00,ospf,fwd,861,OK,0.123
2026-09-28T20:08:07.735+00:00,ospf,fwd,862,OK,0.118
2026-09-28T20:08:07.943+00:00,ospf,fwd,863,OK,0.117
2026-09-28T20:08:08.151+00:00,ospf,fwd,864,OK,0.103
2026-09-28T20:08:08.355+00:00,ospf,fwd,865,OK,0.162
2026-09-28T20:08:08.559+00:00,ospf,fwd,866,OK,0.162
2026-09-28T20:08:08.763+00:00,ospf,fwd,867,OK,0.094
2026-09-28T20:08:08.967+00:00,ospf,fwd,868,OK,0.122
2026-09-28T20:08:09.171+00:00,ospf,fwd,869,OK,0.121
2026-09-28T20:08:09.375+00:00,ospf,fwd,870,OK,0.117
2026-09-28T20:08:09.579+00:00,ospf,fwd,871,OK,0.155
2026-09-28T20:08:09.783+00:00,ospf,fwd,872,OK,0.144
2026-09-28T20:08:09.991+00:00,ospf,fwd,873,OK,0.124
2026-09-28T20:08:10.199+00:00,ospf,fwd,874,OK,0.120
2026-09-28T20:08:10.403+00:00,ospf,fwd,875,OK,0.153
2026-09-28T20:08:10.608+00:00,ospf,fwd,876,OK,0.285
2026-09-28T20:08:10.812+00:00,ospf,fwd,877,OK,0.224
2026-09-28T20:08:11.015+00:00,ospf,fwd,878,OK,0.185
2026-09-28T20:08:11.223+00:00,ospf,fwd,879,OK,0.190
2026-09-28T20:08:11.431+00:00,ospf,fwd,880,OK,0.217
2026-09-28T20:08:11.636+00:00,ospf,fwd,881,OK,0.509
2026-09-28T20:08:11.839+00:00,ospf,fwd,882,OK,0.159
2026-09-28T20:08:12.043+00:00,ospf,fwd,883,OK,0.164
2026-09-28T20:08:12.251+00:00,ospf,fwd,884,OK,0.114
2026-09-28T20:08:12.455+00:00,ospf,fwd,885,OK,0.135
2026-09-28T20:08:12.659+00:00,ospf,fwd,886,OK,0.192
2026-09-28T20:08:12.863+00:00,ospf,fwd,887,OK,0.123
2026-09-28T20:08:13.067+00:00,ospf,fwd,888,OK,0.440
2026-09-28T20:08:13.271+00:00,ospf,fwd,889,OK,0.100
2026-09-28T20:08:13.479+00:00,ospf,fwd,890,OK,0.144
2026-09-28T20:08:13.683+00:00,ospf,fwd,891,OK,0.126
2026-09-28T20:08:13.887+00:00,ospf,fwd,892,OK,0.110
2026-09-28T20:08:14.091+00:00,ospf,fwd,893,OK,0.188
2026-09-28T20:08:14.295+00:00,ospf,fwd,894,OK,0.143
2026-09-28T20:08:14.499+00:00,ospf,fwd,895,OK,0.095
2026-09-28T20:08:14.703+00:00,ospf,fwd,896,OK,0.147
2026-09-28T20:08:14.911+00:00,ospf,fwd,897,OK,0.152
2026-09-28T20:08:15.115+00:00,ospf,fwd,898,OK,0.133
2026-09-28T20:08:15.323+00:00,ospf,fwd,899,OK,0.095
2026-09-28T20:08:15.527+00:00,ospf,fwd,900,OK,0.133
2026-09-28T20:08:15.731+00:00,ospf,fwd,901,OK,0.102
2026-09-28T20:08:15.935+00:00,ospf,fwd,902,OK,0.185
2026-09-28T20:08:16.143+00:00,ospf,fwd,903,OK,0.142
2026-09-28T20:08:16.347+00:00,ospf,fwd,904,OK,0.149
2026-09-28T20:08:16.551+00:00,ospf,fwd,905,OK,0.154
2026-09-28T20:08:16.755+00:00,ospf,fwd,906,OK,0.104
2026-09-28T20:08:16.959+00:00,ospf,fwd,907,OK,0.096
2026-09-28T20:08:17.163+00:00,ospf,fwd,908,OK,0.134
2026-09-28T20:08:17.367+00:00,ospf,fwd,909,OK,0.121
2026-09-28T20:08:17.572+00:00,ospf,fwd,910,OK,0.144
2026-09-28T20:08:17.775+00:00,ospf,fwd,911,OK,0.132
2026-09-28T20:08:17.979+00:00,ospf,fwd,912,OK,0.163
2026-09-28T20:08:18.183+00:00,ospf,fwd,913,OK,0.186
2026-09-28T20:08:18.387+00:00,ospf,fwd,914,OK,0.202
2026-09-28T20:08:18.591+00:00,ospf,fwd,915,OK,0.172
2026-09-28T20:08:18.795+00:00,ospf,fwd,916,OK,0.148
2026-09-28T20:08:18.999+00:00,ospf,fwd,917,OK,0.144
2026-09-28T20:08:19.203+00:00,ospf,fwd,918,OK,0.133
2026-09-28T20:08:19.407+00:00,ospf,fwd,919,OK,0.120
2026-09-28T20:08:19.611+00:00,ospf,fwd,920,OK,0.103
2026-09-28T20:08:19.815+00:00,ospf,fwd,921,OK,0.120
2026-09-28T20:08:20.019+00:00,ospf,fwd,922,OK,0.111
2026-09-28T20:08:20.223+00:00,ospf,fwd,923,OK,0.104
2026-09-28T20:08:20.427+00:00,ospf,fwd,924,OK,0.100
2026-09-28T20:08:20.631+00:00,ospf,fwd,925,OK,0.102
2026-09-28T20:08:20.835+00:00,ospf,fwd,926,OK,0.171
2026-09-28T20:08:21.039+00:00,ospf,fwd,927,OK,0.170
2026-09-28T20:08:21.243+00:00,ospf,fwd,928,OK,0.110
2026-09-28T20:08:21.451+00:00,ospf,fwd,929,OK,0.143
2026-09-28T20:08:21.655+00:00,ospf,fwd,930,OK,0.111
2026-09-28T20:08:21.859+00:00,ospf,fwd,931,OK,0.139
2026-09-28T20:08:22.063+00:00,ospf,fwd,932,OK,0.109
2026-09-28T20:08:22.267+00:00,ospf,fwd,933,OK,0.147
2026-09-28T20:08:22.471+00:00,ospf,fwd,934,OK,0.134
2026-09-28T20:08:22.675+00:00,ospf,fwd,935,OK,0.116
2026-09-28T20:08:22.879+00:00,ospf,fwd,936,OK,0.104
2026-09-28T20:08:23.087+00:00,ospf,fwd,937,OK,0.110
2026-09-28T20:08:23.291+00:00,ospf,fwd,938,OK,0.170
2026-09-28T20:08:23.499+00:00,ospf,fwd,939,OK,0.147
2026-09-28T20:08:23.707+00:00,ospf,fwd,940,OK,0.162
2026-09-28T20:08:23.911+00:00,ospf,fwd,941,OK,0.155
2026-09-28T20:08:24.116+00:00,ospf,fwd,942,OK,0.128
2026-09-28T20:08:24.319+00:00,ospf,fwd,943,OK,0.127
2026-09-28T20:08:24.523+00:00,ospf,fwd,944,OK,0.095
2026-09-28T20:08:24.727+00:00,ospf,fwd,945,OK,0.089
2026-09-28T20:08:24.931+00:00,ospf,fwd,946,OK,0.117
2026-09-28T20:08:25.135+00:00,ospf,fwd,947,OK,0.086
2026-09-28T20:08:25.339+00:00,ospf,fwd,948,OK,0.126
2026-09-28T20:08:25.547+00:00,ospf,fwd,949,OK,0.145
2026-09-28T20:08:25.751+00:00,ospf,fwd,950,OK,0.097
2026-09-28T20:08:25.959+00:00,ospf,fwd,951,OK,0.170
2026-09-28T20:08:26.167+00:00,ospf,fwd,952,OK,0.191
2026-09-28T20:08:26.371+00:00,ospf,fwd,953,OK,0.147
2026-09-28T20:08:26.575+00:00,ospf,fwd,954,OK,0.122
2026-09-28T20:08:26.783+00:00,ospf,fwd,955,OK,0.169
2026-09-28T20:08:26.987+00:00,ospf,fwd,956,OK,0.090
2026-09-28T20:08:27.191+00:00,ospf,fwd,957,OK,0.104
2026-09-28T20:08:27.395+00:00,ospf,fwd,958,OK,0.125
2026-09-28T20:08:27.599+00:00,ospf,fwd,959,OK,0.090
2026-09-28T20:08:27.803+00:00,ospf,fwd,960,OK,0.099
2026-09-28T20:08:28.007+00:00,ospf,fwd,961,OK,0.135
2026-09-28T20:08:28.211+00:00,ospf,fwd,962,OK,0.141
2026-09-28T20:08:28.415+00:00,ospf,fwd,963,OK,0.099
2026-09-28T20:08:28.619+00:00,ospf,fwd,964,OK,0.080
2026-09-28T20:08:28.823+00:00,ospf,fwd,965,OK,0.184
2026-09-28T20:08:29.027+00:00,ospf,fwd,966,OK,0.414
2026-09-28T20:08:29.231+00:00,ospf,fwd,967,OK,0.106
2026-09-28T20:08:29.435+00:00,ospf,fwd,968,OK,0.088
2026-09-28T20:08:29.643+00:00,ospf,fwd,969,OK,0.120
2026-09-28T20:08:29.851+00:00,ospf,fwd,970,OK,0.107
2026-09-28T20:08:30.055+00:00,ospf,fwd,971,OK,0.146
2026-09-28T20:08:30.259+00:00,ospf,fwd,972,OK,0.103
2026-09-28T20:08:30.463+00:00,ospf,fwd,973,OK,0.098
2026-09-28T20:08:30.667+00:00,ospf,fwd,974,OK,0.116
2026-09-28T20:08:30.871+00:00,ospf,fwd,975,OK,0.154
2026-09-28T20:08:31.075+00:00,ospf,fwd,976,OK,0.165
2026-09-28T20:08:31.279+00:00,ospf,fwd,977,OK,0.134
2026-09-28T20:08:31.483+00:00,ospf,fwd,978,OK,0.109
2026-09-28T20:08:31.687+00:00,ospf,fwd,979,OK,0.168
2026-09-28T20:08:31.891+00:00,ospf,fwd,980,OK,0.101
2026-09-28T20:08:32.095+00:00,ospf,fwd,981,OK,0.136
2026-09-28T20:08:32.299+00:00,ospf,fwd,982,OK,0.107
2026-09-28T20:08:32.503+00:00,ospf,fwd,983,OK,0.127
2026-09-28T20:08:32.708+00:00,ospf,fwd,984,OK,0.151
2026-09-28T20:08:32.911+00:00,ospf,fwd,985,OK,0.127
2026-09-28T20:08:33.115+00:00,ospf,fwd,986,OK,0.164
2026-09-28T20:08:33.319+00:00,ospf,fwd,987,OK,0.182
2026-09-28T20:08:33.524+00:00,ospf,fwd,988,OK,0.198
2026-09-28T20:08:33.727+00:00,ospf,fwd,989,OK,0.184
2026-09-28T20:08:33.935+00:00,ospf,fwd,990,OK,0.173
2026-09-28T20:08:34.139+00:00,ospf,fwd,991,OK,0.179
2026-09-28T20:08:34.343+00:00,ospf,fwd,992,OK,0.159
2026-09-28T20:08:34.547+00:00,ospf,fwd,993,OK,0.083
2026-09-28T20:08:34.755+00:00,ospf,fwd,994,OK,0.118
2026-09-28T20:08:34.963+00:00,ospf,fwd,995,OK,0.123
2026-09-28T20:08:35.167+00:00,ospf,fwd,996,OK,0.114
2026-09-28T20:08:35.371+00:00,ospf,fwd,997,OK,0.085
2026-09-28T20:08:35.575+00:00,ospf,fwd,998,OK,0.086
2026-09-28T20:08:35.780+00:00,ospf,fwd,999,OK,0.601
2026-09-28T20:08:35.983+00:00,ospf,fwd,1000,OK,0.090
2026-09-28T20:08:36.187+00:00,ospf,fwd,1001,OK,0.189
2026-09-28T20:08:36.391+00:00,ospf,fwd,1002,OK,0.083
2026-09-28T20:08:36.595+00:00,ospf,fwd,1003,OK,0.126
2026-09-28T20:08:36.799+00:00,ospf,fwd,1004,OK,0.161
2026-09-28T20:08:37.003+00:00,ospf,fwd,1005,OK,0.149
2026-09-28T20:08:37.207+00:00,ospf,fwd,1006,OK,0.192
2026-09-28T20:08:37.411+00:00,ospf,fwd,1007,OK,0.085
2026-09-28T20:08:37.615+00:00,ospf,fwd,1008,OK,0.078
2026-09-28T20:08:37.819+00:00,ospf,fwd,1009,OK,0.202
2026-09-28T20:08:38.023+00:00,ospf,fwd,1010,OK,0.091
2026-09-28T20:08:38.227+00:00,ospf,fwd,1011,OK,0.165
2026-09-28T20:08:38.435+00:00,ospf,fwd,1012,OK,0.103
2026-09-28T20:08:38.639+00:00,ospf,fwd,1013,OK,0.077
2026-09-28T20:08:38.843+00:00,ospf,fwd,1014,OK,0.112
2026-09-28T20:08:39.047+00:00,ospf,fwd,1015,OK,0.090
2026-09-28T20:08:39.251+00:00,ospf,fwd,1016,OK,0.169
2026-09-28T20:08:39.459+00:00,ospf,fwd,1017,OK,0.117
2026-09-28T20:08:39.663+00:00,ospf,fwd,1018,OK,0.114
2026-09-28T20:08:39.867+00:00,ospf,fwd,1019,OK,0.132
2026-09-28T20:08:40.071+00:00,ospf,fwd,1020,OK,0.133
2026-09-28T20:08:40.279+00:00,ospf,fwd,1021,OK,0.097
2026-09-28T20:08:40.487+00:00,ospf,fwd,1022,OK,0.168
2026-09-28T20:08:40.691+00:00,ospf,fwd,1023,OK,0.156
2026-09-28T20:08:40.895+00:00,ospf,fwd,1024,OK,0.155
2026-09-28T20:08:41.103+00:00,ospf,fwd,1025,OK,0.183
2026-09-28T20:08:41.307+00:00,ospf,fwd,1026,OK,0.177
2026-09-28T20:08:41.517+00:00,ospf,fwd,1027,OK,0.206
2026-09-28T20:08:41.720+00:00,ospf,fwd,1028,OK,0.206
2026-09-28T20:08:41.923+00:00,ospf,fwd,1029,OK,0.183
2026-09-28T20:08:42.127+00:00,ospf,fwd,1030,OK,0.151
2026-09-28T20:08:42.331+00:00,ospf,fwd,1031,OK,0.144
2026-09-28T20:08:42.535+00:00,ospf,fwd,1032,OK,0.144
2026-09-28T20:08:42.739+00:00,ospf,fwd,1033,OK,0.171
2026-09-28T20:08:42.943+00:00,ospf,fwd,1034,OK,0.164
2026-09-28T20:08:43.147+00:00,ospf,fwd,1035,OK,0.190
2026-09-28T20:08:43.351+00:00,ospf,fwd,1036,OK,0.128
2026-09-28T20:08:43.555+00:00,ospf,fwd,1037,OK,0.125
2026-09-28T20:08:43.763+00:00,ospf,fwd,1038,OK,0.135
2026-09-28T20:08:43.971+00:00,ospf,fwd,1039,OK,0.153
2026-09-28T20:08:44.175+00:00,ospf,fwd,1040,OK,0.179
2026-09-28T20:08:44.384+00:00,ospf,fwd,1041,OK,0.147
2026-09-28T20:08:44.587+00:00,ospf,fwd,1042,OK,0.166
2026-09-28T20:08:44.791+00:00,ospf,fwd,1043,OK,0.154
2026-09-28T20:08:44.995+00:00,ospf,fwd,1044,OK,0.123
2026-09-28T20:08:45.199+00:00,ospf,fwd,1045,OK,0.167
2026-09-28T20:08:45.403+00:00,ospf,fwd,1046,OK,0.140
2026-09-28T20:08:45.611+00:00,ospf,fwd,1047,OK,0.161
2026-09-28T20:08:45.815+00:00,ospf,fwd,1048,OK,0.106
2026-09-28T20:08:46.019+00:00,ospf,fwd,1049,OK,0.105
2026-09-28T20:08:46.223+00:00,ospf,fwd,1050,OK,0.181
2026-09-28T20:08:46.427+00:00,ospf,fwd,1051,OK,0.125
2026-09-28T20:08:46.635+00:00,ospf,fwd,1052,OK,0.122
2026-09-28T20:08:46.839+00:00,ospf,fwd,1053,OK,0.190
2026-09-28T20:08:47.047+00:00,ospf,fwd,1054,OK,0.112
2026-09-28T20:08:47.251+00:00,ospf,fwd,1055,OK,0.158
2026-09-28T20:08:47.455+00:00,ospf,fwd,1056,OK,0.135
2026-09-28T20:08:47.659+00:00,ospf,fwd,1057,OK,0.179
2026-09-28T20:08:47.863+00:00,ospf,fwd,1058,OK,0.198
2026-09-28T20:08:48.067+00:00,ospf,fwd,1059,OK,0.185
2026-09-28T20:08:48.271+00:00,ospf,fwd,1060,OK,0.140
2026-09-28T20:08:48.475+00:00,ospf,fwd,1061,OK,0.258
2026-09-28T20:08:48.679+00:00,ospf,fwd,1062,OK,0.203
2026-09-28T20:08:48.883+00:00,ospf,fwd,1063,OK,0.161
2026-09-28T20:08:49.089+00:00,ospf,fwd,1064,OK,0.182
2026-09-28T20:08:49.291+00:00,ospf,fwd,1065,OK,0.151
2026-09-28T20:08:49.495+00:00,ospf,fwd,1066,OK,0.142
2026-09-28T20:08:49.699+00:00,ospf,fwd,1067,OK,0.128
2026-09-28T20:08:49.903+00:00,ospf,fwd,1068,OK,0.148
2026-09-28T20:08:50.107+00:00,ospf,fwd,1069,OK,0.178
2026-09-28T20:08:50.311+00:00,ospf,fwd,1070,OK,0.093
2026-09-28T20:08:50.515+00:00,ospf,fwd,1071,OK,0.114
2026-09-28T20:08:50.719+00:00,ospf,fwd,1072,OK,0.081
2026-09-28T20:08:50.923+00:00,ospf,fwd,1073,OK,0.150
2026-09-28T20:08:51.127+00:00,ospf,fwd,1074,OK,0.157
2026-09-28T20:08:51.331+00:00,ospf,fwd,1075,OK,0.164
2026-09-28T20:08:51.535+00:00,ospf,fwd,1076,OK,0.154
2026-09-28T20:08:51.743+00:00,ospf,fwd,1077,OK,0.134
2026-09-28T20:08:51.951+00:00,ospf,fwd,1078,OK,0.146
2026-09-28T20:08:52.155+00:00,ospf,fwd,1079,OK,0.157
2026-09-28T20:08:52.359+00:00,ospf,fwd,1080,OK,0.231
2026-09-28T20:08:52.563+00:00,ospf,fwd,1081,OK,0.172
2026-09-28T20:08:52.767+00:00,ospf,fwd,1082,OK,0.184
2026-09-28T20:08:52.971+00:00,ospf,fwd,1083,OK,0.147
2026-09-28T20:08:53.175+00:00,ospf,fwd,1084,OK,0.145
2026-09-28T20:08:53.379+00:00,ospf,fwd,1085,OK,0.197
2026-09-28T20:08:53.587+00:00,ospf,fwd,1086,OK,0.124
2026-09-28T20:08:53.795+00:00,ospf,fwd,1087,OK,0.193
2026-09-28T20:08:54.003+00:00,ospf,fwd,1088,OK,0.206
2026-09-28T20:08:54.207+00:00,ospf,fwd,1089,OK,0.184
2026-09-28T20:08:54.411+00:00,ospf,fwd,1090,OK,0.150
2026-09-28T20:08:54.615+00:00,ospf,fwd,1091,OK,0.189
2026-09-28T20:08:54.819+00:00,ospf,fwd,1092,OK,0.192
2026-09-28T20:08:55.027+00:00,ospf,fwd,1093,OK,0.132
2026-09-28T20:08:55.231+00:00,ospf,fwd,1094,OK,0.167
2026-09-28T20:08:55.435+00:00,ospf,fwd,1095,OK,0.209
2026-09-28T20:08:55.643+00:00,ospf,fwd,1096,OK,0.194
2026-09-28T20:08:55.847+00:00,ospf,fwd,1097,OK,0.201
2026-09-28T20:08:56.051+00:00,ospf,fwd,1098,OK,0.192
2026-09-28T20:08:56.255+00:00,ospf,fwd,1099,OK,0.163
2026-09-28T20:08:56.459+00:00,ospf,fwd,1100,OK,0.101
2026-09-28T20:08:56.663+00:00,ospf,fwd,1101,OK,0.128
2026-09-28T20:08:56.867+00:00,ospf,fwd,1102,OK,0.154
2026-09-28T20:08:57.071+00:00,ospf,fwd,1103,OK,0.146
2026-09-28T20:08:57.275+00:00,ospf,fwd,1104,OK,0.105
2026-09-28T20:08:57.479+00:00,ospf,fwd,1105,OK,0.173
2026-09-28T20:08:57.683+00:00,ospf,fwd,1106,OK,0.085
2026-09-28T20:08:57.887+00:00,ospf,fwd,1107,OK,0.215
2026-09-28T20:08:58.091+00:00,ospf,fwd,1108,OK,0.105
2026-09-28T20:08:58.295+00:00,ospf,fwd,1109,OK,0.124
2026-09-28T20:08:58.499+00:00,ospf,fwd,1110,OK,0.093
2026-09-28T20:08:58.703+00:00,ospf,fwd,1111,OK,0.127
2026-09-28T20:08:58.907+00:00,ospf,fwd,1112,OK,0.098
2026-09-28T20:08:59.111+00:00,ospf,fwd,1113,OK,0.097
2026-09-28T20:08:59.315+00:00,ospf,fwd,1114,OK,0.109
2026-09-28T20:08:59.519+00:00,ospf,fwd,1115,OK,0.086
2026-09-28T20:08:59.723+00:00,ospf,fwd,1116,OK,0.098
2026-09-28T20:08:59.927+00:00,ospf,fwd,1117,OK,0.095
2026-09-28T20:09:00.135+00:00,ospf,fwd,1118,OK,0.111
2026-09-28T20:09:00.339+00:00,ospf,fwd,1119,OK,0.116
2026-09-28T20:09:00.543+00:00,ospf,fwd,1120,OK,0.099
2026-09-28T20:09:00.748+00:00,ospf,fwd,1121,OK,0.469
2026-09-28T20:09:00.951+00:00,ospf,fwd,1122,OK,0.118
2026-09-28T20:09:01.155+00:00,ospf,fwd,1123,OK,0.162
2026-09-28T20:09:01.359+00:00,ospf,fwd,1124,OK,0.137
2026-09-28T20:09:01.563+00:00,ospf,fwd,1125,OK,0.123
2026-09-28T20:09:01.767+00:00,ospf,fwd,1126,OK,0.141
2026-09-28T20:09:01.975+00:00,ospf,fwd,1127,OK,0.200
2026-09-28T20:09:02.180+00:00,ospf,fwd,1128,OK,0.454
2026-09-28T20:09:02.383+00:00,ospf,fwd,1129,OK,0.115
2026-09-28T20:09:02.587+00:00,ospf,fwd,1130,OK,0.108
2026-09-28T20:09:02.795+00:00,ospf,fwd,1131,OK,0.238
2026-09-28T20:09:02.999+00:00,ospf,fwd,1132,OK,0.171
2026-09-28T20:09:03.207+00:00,ospf,fwd,1133,OK,0.214
2026-09-28T20:09:03.415+00:00,ospf,fwd,1134,OK,0.170
2026-09-28T20:09:03.620+00:00,ospf,fwd,1135,OK,0.180
2026-09-28T20:09:03.823+00:00,ospf,fwd,1136,OK,0.119
2026-09-28T20:09:04.031+00:00,ospf,fwd,1137,OK,0.194
2026-09-28T20:09:04.235+00:00,ospf,fwd,1138,OK,0.156
2026-09-28T20:09:04.439+00:00,ospf,fwd,1139,OK,0.149
2026-09-28T20:09:04.643+00:00,ospf,fwd,1140,OK,0.127
2026-09-28T20:09:04.851+00:00,ospf,fwd,1141,OK,0.176
2026-09-28T20:09:05.055+00:00,ospf,fwd,1142,OK,0.149
2026-09-28T20:09:05.259+00:00,ospf,fwd,1143,OK,0.170
2026-09-28T20:09:05.463+00:00,ospf,fwd,1144,OK,0.138
2026-09-28T20:09:05.667+00:00,ospf,fwd,1145,OK,0.133
2026-09-28T20:09:05.875+00:00,ospf,fwd,1146,OK,0.291
2026-09-28T20:09:06.083+00:00,ospf,fwd,1147,OK,0.149
2026-09-28T20:09:06.287+00:00,ospf,fwd,1148,OK,0.138
2026-09-28T20:09:06.491+00:00,ospf,fwd,1149,OK,0.093
2026-09-28T20:09:06.695+00:00,ospf,fwd,1150,OK,0.131
2026-09-28T20:09:06.899+00:00,ospf,fwd,1151,OK,0.174
2026-09-28T20:09:07.107+00:00,ospf,fwd,1152,OK,0.136
2026-09-28T20:09:07.311+00:00,ospf,fwd,1153,OK,0.107
2026-09-28T20:09:07.515+00:00,ospf,fwd,1154,OK,0.128
2026-09-28T20:09:07.719+00:00,ospf,fwd,1155,OK,0.137
2026-09-28T20:09:07.923+00:00,ospf,fwd,1156,OK,0.117
2026-09-28T20:09:08.127+00:00,ospf,fwd,1157,OK,0.120
2026-09-28T20:09:08.331+00:00,ospf,fwd,1158,OK,0.128
2026-09-28T20:09:08.535+00:00,ospf,fwd,1159,OK,0.089
2026-09-28T20:09:08.739+00:00,ospf,fwd,1160,OK,0.081
2026-09-28T20:09:08.943+00:00,ospf,fwd,1161,OK,0.144
2026-09-28T20:09:09.147+00:00,ospf,fwd,1162,OK,0.131
2026-09-28T20:09:09.351+00:00,ospf,fwd,1163,OK,0.125
2026-09-28T20:09:09.555+00:00,ospf,fwd,1164,OK,0.144
2026-09-28T20:09:09.763+00:00,ospf,fwd,1165,OK,0.182
2026-09-28T20:09:09.967+00:00,ospf,fwd,1166,OK,0.131
2026-09-28T20:09:10.171+00:00,ospf,fwd,1167,OK,0.210
2026-09-28T20:09:10.379+00:00,ospf,fwd,1168,OK,0.142
2026-09-28T20:09:10.587+00:00,ospf,fwd,1169,OK,0.130
2026-09-28T20:09:10.791+00:00,ospf,fwd,1170,OK,0.092
2026-09-28T20:09:10.995+00:00,ospf,fwd,1171,OK,0.088
2026-09-28T20:09:11.199+00:00,ospf,fwd,1172,OK,0.129
2026-09-28T20:09:11.403+00:00,ospf,fwd,1173,OK,0.082
2026-09-28T20:09:11.607+00:00,ospf,fwd,1174,OK,0.124
2026-09-28T20:09:11.811+00:00,ospf,fwd,1175,OK,0.135
2026-09-28T20:09:12.016+00:00,ospf,fwd,1176,OK,0.140
2026-09-28T20:09:12.219+00:00,ospf,fwd,1177,OK,0.147
2026-09-28T20:09:12.423+00:00,ospf,fwd,1178,OK,0.160
2026-09-28T20:09:12.627+00:00,ospf,fwd,1179,OK,0.199
2026-09-28T20:09:12.831+00:00,ospf,fwd,1180,OK,0.163
2026-09-28T20:09:13.035+00:00,ospf,fwd,1181,OK,0.138
2026-09-28T20:09:13.239+00:00,ospf,fwd,1182,OK,0.144
2026-09-28T20:09:13.443+00:00,ospf,fwd,1183,OK,0.130
2026-09-28T20:09:13.651+00:00,ospf,fwd,1184,OK,0.132
2026-09-28T20:09:13.859+00:00,ospf,fwd,1185,OK,0.135
2026-09-28T20:09:14.063+00:00,ospf,fwd,1186,OK,0.174
2026-09-28T20:09:14.272+00:00,ospf,fwd,1187,OK,0.201
2026-09-28T20:09:14.475+00:00,ospf,fwd,1188,OK,0.165
2026-09-28T20:09:14.683+00:00,ospf,fwd,1189,OK,0.158
2026-09-28T20:09:14.891+00:00,ospf,fwd,1190,OK,0.157
2026-09-28T20:09:15.095+00:00,ospf,fwd,1191,OK,0.153
2026-09-28T20:09:15.299+00:00,ospf,fwd,1192,OK,0.101
2026-09-28T20:09:15.503+00:00,ospf,fwd,1193,OK,0.132
2026-09-28T20:09:15.707+00:00,ospf,fwd,1194,OK,0.122
2026-09-28T20:09:15.915+00:00,ospf,fwd,1195,OK,0.261
2026-09-28T20:09:16.119+00:00,ospf,fwd,1196,OK,0.125
2026-09-28T20:09:16.323+00:00,ospf,fwd,1197,OK,0.123
2026-09-28T20:09:16.529+00:00,ospf,fwd,1198,OK,0.136
2026-09-28T20:09:16.731+00:00,ospf,fwd,1199,OK,0.152
2026-09-28T20:09:16.935+00:00,ospf,fwd,1200,OK,0.200
2026-09-28T20:09:17.140+00:00,ospf,fwd,1201,OK,0.201
2026-09-28T20:09:17.348+00:00,ospf,fwd,1202,OK,0.160
2026-09-28T20:09:17.551+00:00,ospf,fwd,1203,OK,0.159
2026-09-28T20:09:17.755+00:00,ospf,fwd,1204,OK,0.176
2026-09-28T20:09:17.959+00:00,ospf,fwd,1205,OK,0.131
2026-09-28T20:09:18.163+00:00,ospf,fwd,1206,OK,0.180
2026-09-28T20:09:18.367+00:00,ospf,fwd,1207,OK,0.123
2026-09-28T20:09:18.571+00:00,ospf,fwd,1208,OK,0.135
2026-09-28T20:09:18.775+00:00,ospf,fwd,1209,OK,0.085
2026-09-28T20:09:18.979+00:00,ospf,fwd,1210,OK,0.186
2026-09-28T20:09:19.183+00:00,ospf,fwd,1211,OK,0.183
2026-09-28T20:09:19.387+00:00,ospf,fwd,1212,OK,0.218
2026-09-28T20:09:19.595+00:00,ospf,fwd,1213,OK,0.169
2026-09-28T20:09:19.799+00:00,ospf,fwd,1214,OK,0.102
2026-09-28T20:09:20.003+00:00,ospf,fwd,1215,OK,0.181
2026-09-28T20:09:20.207+00:00,ospf,fwd,1216,OK,0.146
2026-09-28T20:09:20.411+00:00,ospf,fwd,1217,OK,0.134
2026-09-28T20:09:20.615+00:00,ospf,fwd,1218,OK,0.185
2026-09-28T20:09:20.819+00:00,ospf,fwd,1219,OK,0.118
2026-09-28T20:09:21.023+00:00,ospf,fwd,1220,OK,0.165
2026-09-28T20:09:21.227+00:00,ospf,fwd,1221,OK,0.172
2026-09-28T20:09:21.431+00:00,ospf,fwd,1222,OK,0.171
2026-09-28T20:09:21.639+00:00,ospf,fwd,1223,OK,0.129
2026-09-28T20:09:21.847+00:00,ospf,fwd,1224,OK,0.161
2026-09-28T20:09:22.051+00:00,ospf,fwd,1225,OK,0.149
2026-09-28T20:09:22.255+00:00,ospf,fwd,1226,OK,0.149
2026-09-28T20:09:22.459+00:00,ospf,fwd,1227,OK,0.163
2026-09-28T20:09:22.663+00:00,ospf,fwd,1228,OK,0.216
2026-09-28T20:09:22.867+00:00,ospf,fwd,1229,OK,0.136
2026-09-28T20:09:23.071+00:00,ospf,fwd,1230,OK,0.153
2026-09-28T20:09:23.275+00:00,ospf,fwd,1231,OK,0.166
2026-09-28T20:09:23.480+00:00,ospf,fwd,1232,OK,0.137
2026-09-28T20:09:23.683+00:00,ospf,fwd,1233,OK,0.191
2026-09-28T20:09:23.887+00:00,ospf,fwd,1234,OK,0.166
2026-09-28T20:09:24.095+00:00,ospf,fwd,1235,OK,0.191
2026-09-28T20:09:24.299+00:00,ospf,fwd,1236,OK,0.202
2026-09-28T20:09:24.508+00:00,ospf,fwd,1237,OK,0.189
2026-09-28T20:09:24.711+00:00,ospf,fwd,1238,OK,0.149
2026-09-28T20:09:24.915+00:00,ospf,fwd,1239,OK,0.176
2026-09-28T20:09:25.119+00:00,ospf,fwd,1240,OK,0.188
2026-09-28T20:09:25.323+00:00,ospf,fwd,1241,OK,0.166
2026-09-28T20:09:25.527+00:00,ospf,fwd,1242,OK,0.102
2026-09-28T20:09:25.731+00:00,ospf,fwd,1243,OK,0.089
2026-09-28T20:09:25.935+00:00,ospf,fwd,1244,OK,0.133
2026-09-28T20:09:26.139+00:00,ospf,fwd,1245,OK,0.230
2026-09-28T20:09:26.343+00:00,ospf,fwd,1246,OK,0.182
2026-09-28T20:09:26.547+00:00,ospf,fwd,1247,OK,0.120
2026-09-28T20:09:26.751+00:00,ospf,fwd,1248,OK,0.157
2026-09-28T20:09:26.955+00:00,ospf,fwd,1249,OK,0.134
2026-09-28T20:09:27.159+00:00,ospf,fwd,1250,OK,0.173
2026-09-28T20:09:27.363+00:00,ospf,fwd,1251,OK,0.096
2026-09-28T20:09:27.571+00:00,ospf,fwd,1252,OK,0.146
2026-09-28T20:09:27.775+00:00,ospf,fwd,1253,OK,0.113
2026-09-28T20:09:27.979+00:00,ospf,fwd,1254,OK,0.092
2026-09-28T20:09:28.183+00:00,ospf,fwd,1255,OK,0.205
2026-09-28T20:09:28.387+00:00,ospf,fwd,1256,OK,0.128
2026-09-28T20:09:28.591+00:00,ospf,fwd,1257,OK,0.148
2026-09-28T20:09:28.795+00:00,ospf,fwd,1258,OK,0.184
2026-09-28T20:09:28.999+00:00,ospf,fwd,1259,OK,0.195
2026-09-28T20:09:29.203+00:00,ospf,fwd,1260,OK,0.200
2026-09-28T20:09:29.407+00:00,ospf,fwd,1261,OK,0.142
2026-09-28T20:09:29.611+00:00,ospf,fwd,1262,OK,0.121
2026-09-28T20:09:29.815+00:00,ospf,fwd,1263,OK,0.190
2026-09-28T20:09:30.019+00:00,ospf,fwd,1264,OK,0.134
2026-09-28T20:09:30.223+00:00,ospf,fwd,1265,OK,0.108
2026-09-28T20:09:30.427+00:00,ospf,fwd,1266,OK,0.152
2026-09-28T20:09:30.631+00:00,ospf,fwd,1267,OK,0.092
2026-09-28T20:09:30.835+00:00,ospf,fwd,1268,OK,0.112
2026-09-28T20:09:31.040+00:00,ospf,fwd,1269,OK,0.611
2026-09-28T20:09:31.243+00:00,ospf,fwd,1270,OK,0.161
2026-09-28T20:09:31.451+00:00,ospf,fwd,1271,OK,0.183
2026-09-28T20:09:31.655+00:00,ospf,fwd,1272,OK,0.189
2026-09-28T20:09:31.859+00:00,ospf,fwd,1273,OK,0.177
2026-09-28T20:09:32.063+00:00,ospf,fwd,1274,OK,0.215
2026-09-28T20:09:32.267+00:00,ospf,fwd,1275,OK,0.125
2026-09-28T20:09:32.471+00:00,ospf,fwd,1276,OK,0.111
2026-09-28T20:09:32.675+00:00,ospf,fwd,1277,OK,0.240
2026-09-28T20:09:32.879+00:00,ospf,fwd,1278,OK,0.153
2026-09-28T20:09:33.083+00:00,ospf,fwd,1279,OK,0.128
2026-09-28T20:09:33.291+00:00,ospf,fwd,1280,OK,0.158
2026-09-28T20:09:33.499+00:00,ospf,fwd,1281,OK,0.123
2026-09-28T20:09:33.703+00:00,ospf,fwd,1282,OK,0.158
2026-09-28T20:09:33.911+00:00,ospf,fwd,1283,OK,0.123
2026-09-28T20:09:34.115+00:00,ospf,fwd,1284,OK,0.109
2026-09-28T20:09:34.319+00:00,ospf,fwd,1285,OK,0.184
2026-09-28T20:09:34.523+00:00,ospf,fwd,1286,OK,0.110
2026-09-28T20:09:34.727+00:00,ospf,fwd,1287,OK,0.121
2026-09-28T20:09:34.931+00:00,ospf,fwd,1288,OK,0.115
2026-09-28T20:09:35.136+00:00,ospf,fwd,1289,OK,0.136
2026-09-28T20:09:35.339+00:00,ospf,fwd,1290,OK,0.090
2026-09-28T20:09:35.543+00:00,ospf,fwd,1291,OK,0.159
2026-09-28T20:09:35.747+00:00,ospf,fwd,1292,OK,0.139
2026-09-28T20:09:35.952+00:00,ospf,fwd,1293,OK,0.192
2026-09-28T20:09:36.156+00:00,ospf,fwd,1294,OK,0.176
2026-09-28T20:09:36.359+00:00,ospf,fwd,1295,OK,0.128
2026-09-28T20:09:36.563+00:00,ospf,fwd,1296,OK,0.134
2026-09-28T20:09:36.767+00:00,ospf,fwd,1297,OK,0.171
2026-09-28T20:09:36.971+00:00,ospf,fwd,1298,OK,0.183
2026-09-28T20:09:37.175+00:00,ospf,fwd,1299,OK,0.196
2026-09-28T20:09:37.379+00:00,ospf,fwd,1300,OK,0.171
2026-09-28T20:09:37.583+00:00,ospf,fwd,1301,OK,0.188
2026-09-28T20:09:37.791+00:00,ospf,fwd,1302,OK,0.105
2026-09-28T20:09:37.999+00:00,ospf,fwd,1303,OK,0.202
2026-09-28T20:09:38.207+00:00,ospf,fwd,1304,OK,0.201
2026-09-28T20:09:38.411+00:00,ospf,fwd,1305,OK,0.138
2026-09-28T20:09:38.615+00:00,ospf,fwd,1306,OK,0.159
2026-09-28T20:09:38.819+00:00,ospf,fwd,1307,OK,0.154
2026-09-28T20:09:39.024+00:00,ospf,fwd,1308,OK,0.212
2026-09-28T20:09:39.231+00:00,ospf,fwd,1309,OK,0.192
2026-09-28T20:09:39.435+00:00,ospf,fwd,1310,OK,0.157
2026-09-28T20:09:39.639+00:00,ospf,fwd,1311,OK,0.116
2026-09-28T20:09:39.843+00:00,ospf,fwd,1312,OK,0.123
2026-09-28T20:09:40.047+00:00,ospf,fwd,1313,OK,0.187
2026-09-28T20:09:40.251+00:00,ospf,fwd,1314,OK,0.102
2026-09-28T20:09:40.455+00:00,ospf,fwd,1315,OK,0.137
2026-09-28T20:09:40.659+00:00,ospf,fwd,1316,OK,0.100
2026-09-28T20:09:40.871+00:00,ospf,fwd,1317,OK,0.207
2026-09-28T20:09:41.075+00:00,ospf,fwd,1318,OK,0.200
2026-09-28T20:09:41.279+00:00,ospf,fwd,1319,OK,0.144
2026-09-28T20:09:41.483+00:00,ospf,fwd,1320,OK,0.189
2026-09-28T20:09:41.687+00:00,ospf,fwd,1321,OK,0.131
2026-09-28T20:09:41.891+00:00,ospf,fwd,1322,OK,0.133
2026-09-28T20:09:42.095+00:00,ospf,fwd,1323,OK,0.091
2026-09-28T20:09:42.299+00:00,ospf,fwd,1324,OK,0.135
2026-09-28T20:09:42.507+00:00,ospf,fwd,1325,OK,0.187
2026-09-28T20:09:42.712+00:00,ospf,fwd,1326,OK,0.311
2026-09-28T20:09:42.915+00:00,ospf,fwd,1327,OK,0.165
2026-09-28T20:09:43.119+00:00,ospf,fwd,1328,OK,0.095
2026-09-28T20:09:43.323+00:00,ospf,fwd,1329,OK,0.119
2026-09-28T20:09:43.527+00:00,ospf,fwd,1330,OK,0.091
2026-09-28T20:09:43.731+00:00,ospf,fwd,1331,OK,0.106
2026-09-28T20:09:43.935+00:00,ospf,fwd,1332,OK,0.115
2026-09-28T20:09:44.139+00:00,ospf,fwd,1333,OK,0.095
2026-09-28T20:09:44.343+00:00,ospf,fwd,1334,OK,0.177
2026-09-28T20:09:44.547+00:00,ospf,fwd,1335,OK,0.135
2026-09-28T20:09:44.751+00:00,ospf,fwd,1336,OK,0.132
2026-09-28T20:09:44.955+00:00,ospf,fwd,1337,OK,0.167
2026-09-28T20:09:45.159+00:00,ospf,fwd,1338,OK,0.167
2026-09-28T20:09:45.363+00:00,ospf,fwd,1339,OK,0.265
2026-09-28T20:09:45.567+00:00,ospf,fwd,1340,OK,0.159
2026-09-28T20:09:45.772+00:00,ospf,fwd,1341,OK,0.158
2026-09-28T20:09:45.975+00:00,ospf,fwd,1342,OK,0.195
2026-09-28T20:09:46.183+00:00,ospf,fwd,1343,OK,0.191
2026-09-28T20:09:46.388+00:00,ospf,fwd,1344,OK,0.272
2026-09-28T20:09:46.595+00:00,ospf,fwd,1345,OK,0.168
2026-09-28T20:09:46.803+00:00,ospf,fwd,1346,OK,0.200
2026-09-28T20:09:47.011+00:00,ospf,fwd,1347,OK,0.175
2026-09-28T20:09:47.215+00:00,ospf,fwd,1348,OK,0.140
2026-09-28T20:09:47.419+00:00,ospf,fwd,1349,OK,0.132
2026-09-28T20:09:47.623+00:00,ospf,fwd,1350,OK,0.126
2026-09-28T20:09:47.827+00:00,ospf,fwd,1351,OK,0.186
2026-09-28T20:09:48.031+00:00,ospf,fwd,1352,OK,0.140
2026-09-28T20:09:48.235+00:00,ospf,fwd,1353,OK,0.138
2026-09-28T20:09:48.439+00:00,ospf,fwd,1354,OK,0.183
2026-09-28T20:09:48.643+00:00,ospf,fwd,1355,OK,0.180
2026-09-28T20:09:48.847+00:00,ospf,fwd,1356,OK,0.132
2026-09-28T20:09:49.051+00:00,ospf,fwd,1357,OK,0.117
2026-09-28T20:09:49.255+00:00,ospf,fwd,1358,OK,0.125
2026-09-28T20:09:49.459+00:00,ospf,fwd,1359,OK,0.123
2026-09-28T20:09:49.663+00:00,ospf,fwd,1360,OK,0.127
2026-09-28T20:09:49.867+00:00,ospf,fwd,1361,OK,0.127
2026-09-28T20:09:50.071+00:00,ospf,fwd,1362,OK,0.184
2026-09-28T20:09:50.275+00:00,ospf,fwd,1363,OK,0.121
2026-09-28T20:09:50.479+00:00,ospf,fwd,1364,OK,0.122
2026-09-28T20:09:50.683+00:00,ospf,fwd,1365,OK,0.098
2026-09-28T20:09:50.887+00:00,ospf,fwd,1366,OK,0.125
2026-09-28T20:09:51.091+00:00,ospf,fwd,1367,OK,0.103
2026-09-28T20:09:51.295+00:00,ospf,fwd,1368,OK,0.162
2026-09-28T20:09:51.499+00:00,ospf,fwd,1369,OK,0.118
2026-09-28T20:09:51.703+00:00,ospf,fwd,1370,OK,0.145
2026-09-28T20:09:51.907+00:00,ospf,fwd,1371,OK,0.208
2026-09-28T20:09:52.111+00:00,ospf,fwd,1372,OK,0.151
2026-09-28T20:09:52.315+00:00,ospf,fwd,1373,OK,0.116
2026-09-28T20:09:52.519+00:00,ospf,fwd,1374,OK,0.173
2026-09-28T20:09:52.723+00:00,ospf,fwd,1375,OK,0.199
2026-09-28T20:09:52.927+00:00,ospf,fwd,1376,OK,0.197
2026-09-28T20:09:53.131+00:00,ospf,fwd,1377,OK,0.235
2026-09-28T20:09:53.339+00:00,ospf,fwd,1378,OK,0.185
2026-09-28T20:09:53.547+00:00,ospf,fwd,1379,OK,0.209
2026-09-28T20:09:53.751+00:00,ospf,fwd,1380,OK,0.178
2026-09-28T20:09:53.955+00:00,ospf,fwd,1381,OK,0.192
2026-09-28T20:09:54.159+00:00,ospf,fwd,1382,OK,0.131
2026-09-28T20:09:54.363+00:00,ospf,fwd,1383,OK,0.169
2026-09-28T20:09:54.567+00:00,ospf,fwd,1384,OK,0.099
2026-09-28T20:09:54.771+00:00,ospf,fwd,1385,OK,0.199
2026-09-28T20:09:54.975+00:00,ospf,fwd,1386,OK,0.217
2026-09-28T20:09:55.179+00:00,ospf,fwd,1387,OK,0.128
2026-09-28T20:09:55.383+00:00,ospf,fwd,1388,OK,0.174
2026-09-28T20:09:55.587+00:00,ospf,fwd,1389,OK,0.082
2026-09-28T20:09:55.791+00:00,ospf,fwd,1390,OK,0.106
2026-09-28T20:09:55.995+00:00,ospf,fwd,1391,OK,0.126
2026-09-28T20:09:56.199+00:00,ospf,fwd,1392,OK,0.184
2026-09-28T20:09:56.407+00:00,ospf,fwd,1393,OK,0.140
2026-09-28T20:09:56.611+00:00,ospf,fwd,1394,OK,0.089
2026-09-28T20:09:56.815+00:00,ospf,fwd,1395,OK,0.195
2026-09-28T20:09:57.019+00:00,ospf,fwd,1396,OK,0.193
2026-09-28T20:09:57.223+00:00,ospf,fwd,1397,OK,0.176
2026-09-28T20:09:57.427+00:00,ospf,fwd,1398,OK,0.093
2026-09-28T20:09:57.631+00:00,ospf,fwd,1399,OK,0.079
2026-09-28T20:09:57.835+00:00,ospf,fwd,1400,OK,0.123
2026-09-28T20:09:58.039+00:00,ospf,fwd,1401,OK,0.167
2026-09-28T20:09:58.247+00:00,ospf,fwd,1402,OK,0.168
2026-09-28T20:09:58.451+00:00,ospf,fwd,1403,OK,0.180
2026-09-28T20:09:58.655+00:00,ospf,fwd,1404,OK,0.110
2026-09-28T20:09:58.863+00:00,ospf,fwd,1405,OK,0.139
2026-09-28T20:09:59.067+00:00,ospf,fwd,1406,OK,0.096
2026-09-28T20:09:59.271+00:00,ospf,fwd,1407,OK,0.176
2026-09-28T20:09:59.475+00:00,ospf,fwd,1408,OK,0.202
2026-09-28T20:09:59.683+00:00,ospf,fwd,1409,OK,0.136
2026-09-28T20:09:59.888+00:00,ospf,fwd,1410,OK,0.196
2026-09-28T20:10:00.091+00:00,ospf,fwd,1411,OK,0.115
2026-09-28T20:10:00.295+00:00,ospf,fwd,1412,OK,0.176
2026-09-28T20:10:00.499+00:00,ospf,fwd,1413,OK,0.164
2026-09-28T20:10:00.707+00:00,ospf,fwd,1414,OK,0.161
2026-09-28T20:10:00.915+00:00,ospf,fwd,1415,OK,0.126
2026-09-28T20:10:01.119+00:00,ospf,fwd,1416,OK,0.120
2026-09-28T20:10:01.323+00:00,ospf,fwd,1417,OK,0.084
2026-09-28T20:10:01.527+00:00,ospf,fwd,1418,OK,0.153
2026-09-28T20:10:01.735+00:00,ospf,fwd,1419,OK,0.134
2026-09-28T20:10:01.939+00:00,ospf,fwd,1420,OK,0.134
2026-09-28T20:10:02.143+00:00,ospf,fwd,1421,OK,0.097
2026-09-28T20:10:02.347+00:00,ospf,fwd,1422,OK,0.104
2026-09-28T20:10:02.551+00:00,ospf,fwd,1423,OK,0.088
2026-09-28T20:10:02.759+00:00,ospf,fwd,1424,OK,0.137
2026-09-28T20:10:02.963+00:00,ospf,fwd,1425,OK,0.117
2026-09-28T20:10:03.167+00:00,ospf,fwd,1426,OK,0.100
2026-09-28T20:10:03.371+00:00,ospf,fwd,1427,OK,0.143
2026-09-28T20:10:03.575+00:00,ospf,fwd,1428,OK,0.097
2026-09-28T20:10:03.779+00:00,ospf,fwd,1429,OK,0.142
2026-09-28T20:10:03.983+00:00,ospf,fwd,1430,OK,0.094
2026-09-28T20:10:04.187+00:00,ospf,fwd,1431,OK,0.102
2026-09-28T20:10:04.391+00:00,ospf,fwd,1432,OK,0.091
2026-09-28T20:10:04.595+00:00,ospf,fwd,1433,OK,0.126
2026-09-28T20:10:04.799+00:00,ospf,fwd,1434,OK,0.090
2026-09-28T20:10:05.007+00:00,ospf,fwd,1435,OK,0.097
2026-09-28T20:10:05.211+00:00,ospf,fwd,1436,OK,0.146
2026-09-28T20:10:05.415+00:00,ospf,fwd,1437,OK,0.127
2026-09-28T20:10:05.619+00:00,ospf,fwd,1438,OK,0.103
2026-09-28T20:10:05.823+00:00,ospf,fwd,1439,OK,0.132
2026-09-28T20:10:06.027+00:00,ospf,fwd,1440,OK,0.124
2026-09-28T20:10:06.231+00:00,ospf,fwd,1441,OK,0.160
2026-09-28T20:10:06.435+00:00,ospf,fwd,1442,OK,0.091
2026-09-28T20:10:06.639+00:00,ospf,fwd,1443,OK,0.105
2026-09-28T20:10:06.843+00:00,ospf,fwd,1444,OK,0.124
2026-09-28T20:10:07.047+00:00,ospf,fwd,1445,OK,0.180
2026-09-28T20:10:07.251+00:00,ospf,fwd,1446,OK,0.103
2026-09-28T20:10:07.455+00:00,ospf,fwd,1447,OK,0.116
2026-09-28T20:10:07.663+00:00,ospf,fwd,1448,OK,0.154
2026-09-28T20:10:07.868+00:00,ospf,fwd,1449,OK,0.141
2026-09-28T20:10:08.075+00:00,ospf,fwd,1450,OK,0.175
2026-09-28T20:10:08.279+00:00,ospf,fwd,1451,OK,0.199
2026-09-28T20:10:08.483+00:00,ospf,fwd,1452,OK,0.128
2026-09-28T20:10:08.687+00:00,ospf,fwd,1453,OK,0.141
2026-09-28T20:10:08.891+00:00,ospf,fwd,1454,OK,0.100
2026-09-28T20:10:09.095+00:00,ospf,fwd,1455,OK,0.104
2026-09-28T20:10:09.299+00:00,ospf,fwd,1456,OK,0.104
2026-09-28T20:10:09.503+00:00,ospf,fwd,1457,OK,0.141
2026-09-28T20:10:09.707+00:00,ospf,fwd,1458,OK,0.092
2026-09-28T20:10:09.911+00:00,ospf,fwd,1459,OK,0.135
2026-09-28T20:10:10.115+00:00,ospf,fwd,1460,OK,0.130
2026-09-28T20:10:10.319+00:00,ospf,fwd,1461,OK,0.109
2026-09-28T20:10:10.523+00:00,ospf,fwd,1462,OK,0.154
2026-09-28T20:10:10.727+00:00,ospf,fwd,1463,OK,0.132
2026-09-28T20:10:10.931+00:00,ospf,fwd,1464,OK,0.140
2026-09-28T20:10:11.135+00:00,ospf,fwd,1465,OK,0.123
2026-09-28T20:10:11.339+00:00,ospf,fwd,1466,OK,0.092
2026-09-28T20:10:11.543+00:00,ospf,fwd,1467,OK,0.119
2026-09-28T20:10:11.747+00:00,ospf,fwd,1468,OK,0.086
2026-09-28T20:10:11.952+00:00,ospf,fwd,1469,OK,0.126
2026-09-28T20:10:12.155+00:00,ospf,fwd,1470,OK,0.202
2026-09-28T20:10:12.359+00:00,ospf,fwd,1471,OK,0.080
2026-09-28T20:10:12.563+00:00,ospf,fwd,1472,OK,0.139
2026-09-28T20:10:12.767+00:00,ospf,fwd,1473,OK,0.157
2026-09-28T20:10:12.973+00:00,ospf,fwd,1474,OK,0.205
2026-09-28T20:10:13.175+00:00,ospf,fwd,1475,OK,0.138
2026-09-28T20:10:13.379+00:00,ospf,fwd,1476,OK,0.108
2026-09-28T20:10:13.583+00:00,ospf,fwd,1477,OK,0.137
2026-09-28T20:10:13.787+00:00,ospf,fwd,1478,OK,0.093
2026-09-28T20:10:13.991+00:00,ospf,fwd,1479,OK,0.111
2026-09-28T20:10:14.195+00:00,ospf,fwd,1480,OK,0.145
2026-09-28T20:10:14.403+00:00,ospf,fwd,1481,OK,0.143
2026-09-28T20:10:14.607+00:00,ospf,fwd,1482,OK,0.164
2026-09-28T20:10:14.815+00:00,ospf,fwd,1483,OK,0.194
2026-09-28T20:10:15.020+00:00,ospf,fwd,1484,OK,0.186
2026-09-28T20:10:15.223+00:00,ospf,fwd,1485,OK,0.124
2026-09-28T20:10:15.431+00:00,ospf,fwd,1486,OK,0.092
2026-09-28T20:10:15.639+00:00,ospf,fwd,1487,OK,0.110
2026-09-28T20:10:15.843+00:00,ospf,fwd,1488,OK,0.152
2026-09-28T20:10:16.047+00:00,ospf,fwd,1489,OK,0.201
2026-09-28T20:10:16.256+00:00,ospf,fwd,1490,OK,0.158
2026-09-28T20:10:16.463+00:00,ospf,fwd,1491,OK,0.155
2026-09-28T20:10:16.667+00:00,ospf,fwd,1492,OK,0.127
2026-09-28T20:10:16.871+00:00,ospf,fwd,1493,OK,0.163
2026-09-28T20:10:17.075+00:00,ospf,fwd,1494,OK,0.194
2026-09-28T20:10:17.279+00:00,ospf,fwd,1495,OK,0.117
2026-09-28T20:10:17.483+00:00,ospf,fwd,1496,OK,0.187
2026-09-28T20:10:17.687+00:00,ospf,fwd,1497,OK,0.137
2026-09-28T20:10:17.891+00:00,ospf,fwd,1498,OK,0.136
2026-09-28T20:10:18.095+00:00,ospf,fwd,1499,OK,0.096
2026-09-28T20:10:18.299+00:00,ospf,fwd,1500,OK,0.097
2026-09-28T20:10:18.503+00:00,ospf,fwd,1501,OK,0.115
2026-09-28T20:10:18.707+00:00,ospf,fwd,1502,OK,0.144
2026-09-28T20:10:18.911+00:00,ospf,fwd,1503,OK,0.138
2026-09-28T20:10:19.115+00:00,ospf,fwd,1504,OK,0.260
2026-09-28T20:10:19.319+00:00,ospf,fwd,1505,OK,0.126
2026-09-28T20:10:19.523+00:00,ospf,fwd,1506,OK,0.089
2026-09-28T20:10:19.728+00:00,ospf,fwd,1507,OK,0.133
2026-09-28T20:10:19.931+00:00,ospf,fwd,1508,OK,0.134
2026-09-28T20:10:20.135+00:00,ospf,fwd,1509,OK,0.148
2026-09-28T20:10:20.339+00:00,ospf,fwd,1510,OK,0.151
2026-09-28T20:10:20.543+00:00,ospf,fwd,1511,OK,0.137
2026-09-28T20:10:20.747+00:00,ospf,fwd,1512,OK,0.094
2026-09-28T20:10:20.951+00:00,ospf,fwd,1513,OK,0.188
2026-09-28T20:10:21.155+00:00,ospf,fwd,1514,OK,0.179
2026-09-28T20:10:21.359+00:00,ospf,fwd,1515,OK,0.102
2026-09-28T20:10:21.563+00:00,ospf,fwd,1516,OK,0.180
2026-09-28T20:10:21.767+00:00,ospf,fwd,1517,OK,0.131
2026-09-28T20:10:21.971+00:00,ospf,fwd,1518,OK,0.164
2026-09-28T20:10:22.179+00:00,ospf,fwd,1519,OK,0.146
2026-09-28T20:10:22.383+00:00,ospf,fwd,1520,OK,0.146
2026-09-28T20:10:22.587+00:00,ospf,fwd,1521,OK,0.091
2026-09-28T20:10:22.791+00:00,ospf,fwd,1522,OK,0.096
2026-09-28T20:10:22.995+00:00,ospf,fwd,1523,OK,0.138
2026-09-28T20:10:23.199+00:00,ospf,fwd,1524,OK,0.108
2026-09-28T20:10:23.403+00:00,ospf,fwd,1525,OK,0.134
2026-09-28T20:10:23.607+00:00,ospf,fwd,1526,OK,0.098
2026-09-28T20:10:23.815+00:00,ospf,fwd,1527,OK,0.161
2026-09-28T20:10:24.019+00:00,ospf,fwd,1528,OK,0.111
2026-09-28T20:10:24.223+00:00,ospf,fwd,1529,OK,0.216
2026-09-28T20:10:24.427+00:00,ospf,fwd,1530,OK,0.087
2026-09-28T20:10:24.631+00:00,ospf,fwd,1531,OK,0.120
2026-09-28T20:10:24.836+00:00,ospf,fwd,1532,OK,0.404
2026-09-28T20:10:25.043+00:00,ospf,fwd,1533,OK,0.144
2026-09-28T20:10:25.247+00:00,ospf,fwd,1534,OK,0.154
2026-09-28T20:10:25.451+00:00,ospf,fwd,1535,OK,0.099
2026-09-28T20:10:25.655+00:00,ospf,fwd,1536,OK,0.106
2026-09-28T20:10:25.859+00:00,ospf,fwd,1537,OK,0.101
2026-09-28T20:10:26.063+00:00,ospf,fwd,1538,OK,0.100
2026-09-28T20:10:26.267+00:00,ospf,fwd,1539,OK,0.146
2026-09-28T20:10:26.471+00:00,ospf,fwd,1540,OK,0.167
2026-09-28T20:10:26.675+00:00,ospf,fwd,1541,OK,0.129
2026-09-28T20:10:26.879+00:00,ospf,fwd,1542,OK,0.132
2026-09-28T20:10:27.083+00:00,ospf,fwd,1543,OK,0.093
2026-09-28T20:10:27.287+00:00,ospf,fwd,1544,OK,0.096
2026-09-28T20:10:27.491+00:00,ospf,fwd,1545,OK,0.122
2026-09-28T20:10:27.695+00:00,ospf,fwd,1546,OK,0.078
2026-09-28T20:10:27.899+00:00,ospf,fwd,1547,OK,0.094
2026-09-28T20:10:28.103+00:00,ospf,fwd,1548,OK,0.081
2026-09-28T20:10:28.307+00:00,ospf,fwd,1549,OK,0.128
2026-09-28T20:10:28.511+00:00,ospf,fwd,1550,OK,0.166
2026-09-28T20:10:28.715+00:00,ospf,fwd,1551,OK,0.163
2026-09-28T20:10:28.924+00:00,ospf,fwd,1552,OK,0.097
2026-09-28T20:10:29.127+00:00,ospf,fwd,1553,OK,0.134
2026-09-28T20:10:29.335+00:00,ospf,fwd,1554,OK,0.141
2026-09-28T20:10:29.542+00:00,ospf,fwd,1555,OK,0.187
2026-09-28T20:10:29.743+00:00,ospf,fwd,1556,OK,0.157
2026-09-28T20:10:29.947+00:00,ospf,fwd,1557,OK,0.145
2026-09-28T20:10:30.151+00:00,ospf,fwd,1558,OK,0.090
2026-09-28T20:10:30.355+00:00,ospf,fwd,1559,OK,0.106
2026-09-28T20:10:30.560+00:00,ospf,fwd,1560,OK,0.136
2026-09-28T20:10:30.763+00:00,ospf,fwd,1561,OK,0.080
2026-09-28T20:10:30.967+00:00,ospf,fwd,1562,OK,0.122
2026-09-28T20:10:31.171+00:00,ospf,fwd,1563,OK,0.115
2026-09-28T20:10:31.375+00:00,ospf,fwd,1564,OK,0.086
2026-09-28T20:10:31.579+00:00,ospf,fwd,1565,OK,0.085
2026-09-28T20:10:31.783+00:00,ospf,fwd,1566,OK,0.112
2026-09-28T20:10:31.987+00:00,ospf,fwd,1567,OK,0.150
2026-09-28T20:10:32.191+00:00,ospf,fwd,1568,OK,0.150
2026-09-28T20:10:32.395+00:00,ospf,fwd,1569,OK,0.097
2026-09-28T20:10:32.599+00:00,ospf,fwd,1570,OK,0.149
2026-09-28T20:10:32.803+00:00,ospf,fwd,1571,OK,0.099
2026-09-28T20:10:33.007+00:00,ospf,fwd,1572,OK,0.085
2026-09-28T20:10:33.211+00:00,ospf,fwd,1573,OK,0.114
2026-09-28T20:10:33.415+00:00,ospf,fwd,1574,OK,0.149
2026-09-28T20:10:33.623+00:00,ospf,fwd,1575,OK,0.147
2026-09-28T20:10:33.827+00:00,ospf,fwd,1576,OK,0.138
2026-09-28T20:10:34.031+00:00,ospf,fwd,1577,OK,0.180
2026-09-28T20:10:34.235+00:00,ospf,fwd,1578,OK,0.138
2026-09-28T20:10:34.439+00:00,ospf,fwd,1579,OK,0.094
2026-09-28T20:10:34.643+00:00,ospf,fwd,1580,OK,0.127
2026-09-28T20:10:34.847+00:00,ospf,fwd,1581,OK,0.114
2026-09-28T20:10:35.051+00:00,ospf,fwd,1582,OK,0.097
2026-09-28T20:10:35.255+00:00,ospf,fwd,1583,OK,0.100
2026-09-28T20:10:35.459+00:00,ospf,fwd,1584,OK,0.089
2026-09-28T20:10:35.663+00:00,ospf,fwd,1585,OK,0.090
2026-09-28T20:10:35.871+00:00,ospf,fwd,1586,OK,0.123
2026-09-28T20:10:36.075+00:00,ospf,fwd,1587,OK,0.128
2026-09-28T20:10:36.283+00:00,ospf,fwd,1588,OK,0.166
2026-09-28T20:10:36.491+00:00,ospf,fwd,1589,OK,0.210
2026-09-28T20:10:36.699+00:00,ospf,fwd,1590,OK,0.185
2026-09-28T20:10:36.909+00:00,ospf,fwd,1591,OK,0.293
2026-09-28T20:10:37.111+00:00,ospf,fwd,1592,OK,0.181
2026-09-28T20:10:37.315+00:00,ospf,fwd,1593,OK,0.164
2026-09-28T20:10:37.523+00:00,ospf,fwd,1594,OK,0.153
2026-09-28T20:10:37.727+00:00,ospf,fwd,1595,OK,0.142
2026-09-28T20:10:37.931+00:00,ospf,fwd,1596,OK,0.109
2026-09-28T20:10:38.135+00:00,ospf,fwd,1597,OK,0.156
2026-09-28T20:10:38.339+00:00,ospf,fwd,1598,OK,0.107
2026-09-28T20:10:38.543+00:00,ospf,fwd,1599,OK,0.094
2026-09-28T20:10:38.747+00:00,ospf,fwd,1600,OK,0.088
2026-09-28T20:10:38.951+00:00,ospf,fwd,1601,OK,0.115
2026-09-28T20:10:39.155+00:00,ospf,fwd,1602,OK,0.103
2026-09-28T20:10:39.359+00:00,ospf,fwd,1603,OK,0.177
2026-09-28T20:10:39.563+00:00,ospf,fwd,1604,OK,0.151
2026-09-28T20:10:39.768+00:00,ospf,fwd,1605,OK,0.145
2026-09-28T20:10:39.971+00:00,ospf,fwd,1606,OK,0.094
2026-09-28T20:10:40.175+00:00,ospf,fwd,1607,OK,0.126
2026-09-28T20:10:40.379+00:00,ospf,fwd,1608,OK,0.113
2026-09-28T20:10:40.583+00:00,ospf,fwd,1609,OK,0.087
2026-09-28T20:10:40.787+00:00,ospf,fwd,1610,OK,0.182
2026-09-28T20:10:40.991+00:00,ospf,fwd,1611,OK,0.155
2026-09-28T20:10:41.195+00:00,ospf,fwd,1612,OK,0.138
2026-09-28T20:10:41.399+00:00,ospf,fwd,1613,OK,0.133
2026-09-28T20:10:41.603+00:00,ospf,fwd,1614,OK,0.170
2026-09-28T20:10:41.807+00:00,ospf,fwd,1615,OK,0.108
2026-09-28T20:10:42.011+00:00,ospf,fwd,1616,OK,0.096
2026-09-28T20:10:42.215+00:00,ospf,fwd,1617,OK,0.162
2026-09-28T20:10:42.419+00:00,ospf,fwd,1618,OK,0.093
2026-09-28T20:10:42.623+00:00,ospf,fwd,1619,OK,0.140
2026-09-28T20:10:42.827+00:00,ospf,fwd,1620,OK,0.183
2026-09-28T20:10:43.036+00:00,ospf,fwd,1621,OK,0.219
2026-09-28T20:10:43.243+00:00,ospf,fwd,1622,OK,0.222
2026-09-28T20:10:43.448+00:00,ospf,fwd,1623,OK,0.183
2026-09-28T20:10:43.651+00:00,ospf,fwd,1624,OK,0.268
2026-09-28T20:10:43.855+00:00,ospf,fwd,1625,OK,0.171
2026-09-28T20:10:44.059+00:00,ospf,fwd,1626,OK,0.159
2026-09-28T20:10:44.267+00:00,ospf,fwd,1627,OK,0.182
2026-09-28T20:10:44.475+00:00,ospf,fwd,1628,OK,0.163
2026-09-28T20:10:44.683+00:00,ospf,fwd,1629,OK,0.092
2026-09-28T20:10:44.887+00:00,ospf,fwd,1630,OK,0.101
2026-09-28T20:10:45.091+00:00,ospf,fwd,1631,OK,0.123
2026-09-28T20:10:45.295+00:00,ospf,fwd,1632,OK,0.129
2026-09-28T20:10:45.499+00:00,ospf,fwd,1633,OK,0.105
2026-09-28T20:10:45.703+00:00,ospf,fwd,1634,OK,0.092
2026-09-28T20:10:45.907+00:00,ospf,fwd,1635,OK,0.205
2026-09-28T20:10:46.116+00:00,ospf,fwd,1636,OK,0.431
2026-09-28T20:10:46.319+00:00,ospf,fwd,1637,OK,0.128
2026-09-28T20:10:46.523+00:00,ospf,fwd,1638,OK,0.134
2026-09-28T20:10:46.727+00:00,ospf,fwd,1639,OK,0.147
2026-09-28T20:10:46.931+00:00,ospf,fwd,1640,OK,0.159
2026-09-28T20:10:47.135+00:00,ospf,fwd,1641,OK,0.109
2026-09-28T20:10:47.339+00:00,ospf,fwd,1642,OK,0.207
2026-09-28T20:10:47.543+00:00,ospf,fwd,1643,OK,0.114
2026-09-28T20:10:47.747+00:00,ospf,fwd,1644,OK,0.176
2026-09-28T20:10:47.951+00:00,ospf,fwd,1645,OK,0.141
2026-09-28T20:10:48.155+00:00,ospf,fwd,1646,OK,0.273
2026-09-28T20:10:48.359+00:00,ospf,fwd,1647,OK,0.183
2026-09-28T20:10:48.563+00:00,ospf,fwd,1648,OK,0.163
2026-09-28T20:10:48.767+00:00,ospf,fwd,1649,OK,0.234
2026-09-28T20:10:48.971+00:00,ospf,fwd,1650,OK,0.135
2026-09-28T20:10:49.175+00:00,ospf,fwd,1651,OK,0.109
2026-09-28T20:10:49.379+00:00,ospf,fwd,1652,OK,0.097
2026-09-28T20:10:49.583+00:00,ospf,fwd,1653,OK,0.112
2026-09-28T20:10:49.787+00:00,ospf,fwd,1654,OK,0.081
2026-09-28T20:10:49.991+00:00,ospf,fwd,1655,OK,0.084
2026-09-28T20:10:50.195+00:00,ospf,fwd,1656,OK,0.124
2026-09-28T20:10:50.403+00:00,ospf,fwd,1657,OK,0.262
2026-09-28T20:10:50.607+00:00,ospf,fwd,1658,OK,0.143
2026-09-28T20:10:50.812+00:00,ospf,fwd,1659,OK,0.144
2026-09-28T20:10:51.015+00:00,ospf,fwd,1660,OK,0.174
2026-09-28T20:10:51.223+00:00,ospf,fwd,1661,OK,0.149
2026-09-28T20:10:51.431+00:00,ospf,fwd,1662,OK,0.154
2026-09-28T20:10:51.635+00:00,ospf,fwd,1663,OK,0.199
2026-09-28T20:10:51.839+00:00,ospf,fwd,1664,OK,0.124
2026-09-28T20:10:52.043+00:00,ospf,fwd,1665,OK,0.187
2026-09-28T20:10:52.247+00:00,ospf,fwd,1666,OK,0.111
2026-09-28T20:10:52.451+00:00,ospf,fwd,1667,OK,0.110
2026-09-28T20:10:52.655+00:00,ospf,fwd,1668,OK,0.113
2026-09-28T20:10:52.859+00:00,ospf,fwd,1669,OK,0.118
2026-09-28T20:10:53.063+00:00,ospf,fwd,1670,OK,0.083
2026-09-28T20:10:53.271+00:00,ospf,fwd,1671,OK,0.124
2026-09-28T20:10:53.475+00:00,ospf,fwd,1672,OK,0.143
2026-09-28T20:10:53.679+00:00,ospf,fwd,1673,OK,0.142
2026-09-28T20:10:53.884+00:00,ospf,fwd,1674,OK,0.195
2026-09-28T20:10:54.087+00:00,ospf,fwd,1675,OK,0.159
2026-09-28T20:10:54.292+00:00,ospf,fwd,1676,OK,0.164
2026-09-28T20:10:54.495+00:00,ospf,fwd,1677,OK,0.133
2026-09-28T20:10:54.699+00:00,ospf,fwd,1678,OK,0.085
2026-09-28T20:10:54.907+00:00,ospf,fwd,1679,OK,0.102
2026-09-28T20:10:55.111+00:00,ospf,fwd,1680,OK,0.190
2026-09-28T20:10:55.315+00:00,ospf,fwd,1681,OK,0.121
2026-09-28T20:10:55.519+00:00,ospf,fwd,1682,OK,0.147
2026-09-28T20:10:55.723+00:00,ospf,fwd,1683,OK,0.135
2026-09-28T20:10:55.927+00:00,ospf,fwd,1684,OK,0.110
2026-09-28T20:10:56.131+00:00,ospf,fwd,1685,OK,0.110
2026-09-28T20:10:56.335+00:00,ospf,fwd,1686,OK,0.176
2026-09-28T20:10:56.539+00:00,ospf,fwd,1687,OK,0.151
2026-09-28T20:10:56.743+00:00,ospf,fwd,1688,OK,0.144
2026-09-28T20:10:56.947+00:00,ospf,fwd,1689,OK,0.096
2026-09-28T20:10:57.151+00:00,ospf,fwd,1690,OK,0.193
2026-09-28T20:10:57.355+00:00,ospf,fwd,1691,OK,0.254
2026-09-28T20:10:57.559+00:00,ospf,fwd,1692,OK,0.197
2026-09-28T20:10:57.763+00:00,ospf,fwd,1693,OK,0.135
2026-09-28T20:10:57.970+00:00,ospf,fwd,1694,OK,0.191
2026-09-28T20:10:58.171+00:00,ospf,fwd,1695,OK,0.181
2026-09-28T20:10:58.375+00:00,ospf,fwd,1696,OK,0.128
2026-09-28T20:10:58.583+00:00,ospf,fwd,1697,OK,0.174
2026-09-28T20:10:58.787+00:00,ospf,fwd,1698,OK,0.126
2026-09-28T20:10:58.991+00:00,ospf,fwd,1699,OK,0.120
2026-09-28T20:10:59.195+00:00,ospf,fwd,1700,OK,0.153
2026-09-28T20:10:59.399+00:00,ospf,fwd,1701,OK,0.095
2026-09-28T20:10:59.603+00:00,ospf,fwd,1702,OK,0.102
2026-09-28T20:10:59.807+00:00,ospf,fwd,1703,OK,0.117
2026-09-28T20:11:00.011+00:00,ospf,fwd,1704,OK,0.087
2026-09-28T20:11:00.215+00:00,ospf,fwd,1705,OK,0.135
2026-09-28T20:11:00.419+00:00,ospf,fwd,1706,OK,0.085
2026-09-28T20:11:00.623+00:00,ospf,fwd,1707,OK,0.100
2026-09-28T20:11:00.832+00:00,ospf,fwd,1708,OK,0.135
2026-09-28T20:11:01.035+00:00,ospf,fwd,1709,OK,0.163
2026-09-28T20:11:01.239+00:00,ospf,fwd,1710,OK,0.142
2026-09-28T20:11:01.443+00:00,ospf,fwd,1711,OK,0.133
2026-09-28T20:11:01.647+00:00,ospf,fwd,1712,OK,0.168
2026-09-28T20:11:01.851+00:00,ospf,fwd,1713,OK,0.112
2026-09-28T20:11:02.055+00:00,ospf,fwd,1714,OK,0.093
2026-09-28T20:11:02.259+00:00,ospf,fwd,1715,OK,0.110
2026-09-28T20:11:02.463+00:00,ospf,fwd,1716,OK,0.089
2026-09-28T20:11:02.667+00:00,ospf,fwd,1717,OK,0.116
2026-09-28T20:11:02.871+00:00,ospf,fwd,1718,OK,0.197
2026-09-28T20:11:03.075+00:00,ospf,fwd,1719,OK,0.102
2026-09-28T20:11:03.279+00:00,ospf,fwd,1720,OK,0.149
2026-09-28T20:11:03.483+00:00,ospf,fwd,1721,OK,0.114
2026-09-28T20:11:03.687+00:00,ospf,fwd,1722,OK,0.137
2026-09-28T20:11:03.891+00:00,ospf,fwd,1723,OK,0.107
2026-09-28T20:11:04.095+00:00,ospf,fwd,1724,OK,0.122
2026-09-28T20:11:04.299+00:00,ospf,fwd,1725,OK,0.140
2026-09-28T20:11:04.509+00:00,ospf,fwd,1726,OK,0.828
2026-09-28T20:11:04.711+00:00,ospf,fwd,1727,OK,0.166
2026-09-28T20:11:04.915+00:00,ospf,fwd,1728,OK,0.157
2026-09-28T20:11:05.119+00:00,ospf,fwd,1729,OK,0.131
2026-09-28T20:11:05.327+00:00,ospf,fwd,1730,OK,0.159
2026-09-28T20:11:05.531+00:00,ospf,fwd,1731,OK,0.164
2026-09-28T20:11:05.735+00:00,ospf,fwd,1732,OK,0.141
2026-09-28T20:11:05.939+00:00,ospf,fwd,1733,OK,0.114
2026-09-28T20:11:06.143+00:00,ospf,fwd,1734,OK,0.100
2026-09-28T20:11:06.347+00:00,ospf,fwd,1735,OK,0.143
2026-09-28T20:11:06.551+00:00,ospf,fwd,1736,OK,0.084
2026-09-28T20:11:06.756+00:00,ospf,fwd,1737,OK,0.203
2026-09-28T20:11:06.959+00:00,ospf,fwd,1738,OK,0.106
2026-09-28T20:11:07.163+00:00,ospf,fwd,1739,OK,0.097
2026-09-28T20:11:07.367+00:00,ospf,fwd,1740,OK,0.164
2026-09-28T20:11:07.575+00:00,ospf,fwd,1741,OK,0.134
2026-09-28T20:11:07.783+00:00,ospf,fwd,1742,OK,0.200
2026-09-28T20:11:07.987+00:00,ospf,fwd,1743,OK,0.137
2026-09-28T20:11:08.191+00:00,ospf,fwd,1744,OK,0.129
2026-09-28T20:11:08.395+00:00,ospf,fwd,1745,OK,0.166
2026-09-28T20:11:08.599+00:00,ospf,fwd,1746,OK,0.146
2026-09-28T20:11:08.803+00:00,ospf,fwd,1747,OK,0.113
2026-09-28T20:11:09.007+00:00,ospf,fwd,1748,OK,0.100
2026-09-28T20:11:09.211+00:00,ospf,fwd,1749,OK,0.141
2026-09-28T20:11:09.415+00:00,ospf,fwd,1750,OK,0.080
2026-09-28T20:11:09.619+00:00,ospf,fwd,1751,OK,0.163
2026-09-28T20:11:09.823+00:00,ospf,fwd,1752,OK,0.203
2026-09-28T20:11:10.027+00:00,ospf,fwd,1753,OK,0.095
2026-09-28T20:11:10.231+00:00,ospf,fwd,1754,OK,0.124
2026-09-28T20:11:10.435+00:00,ospf,fwd,1755,OK,0.134
2026-09-28T20:11:10.639+00:00,ospf,fwd,1756,OK,0.087
2026-09-28T20:11:10.843+00:00,ospf,fwd,1757,OK,0.176
2026-09-28T20:11:11.047+00:00,ospf,fwd,1758,OK,0.096
2026-09-28T20:11:11.251+00:00,ospf,fwd,1759,OK,0.107
2026-09-28T20:11:11.455+00:00,ospf,fwd,1760,OK,0.129
2026-09-28T20:11:11.659+00:00,ospf,fwd,1761,OK,0.100
2026-09-28T20:11:11.867+00:00,ospf,fwd,1762,OK,0.133
2026-09-28T20:11:12.071+00:00,ospf,fwd,1763,OK,0.184
2026-09-28T20:11:12.275+00:00,ospf,fwd,1764,OK,0.184
2026-09-28T20:11:12.483+00:00,ospf,fwd,1765,OK,0.162
2026-09-28T20:11:12.691+00:00,ospf,fwd,1766,OK,0.206
2026-09-28T20:11:12.895+00:00,ospf,fwd,1767,OK,0.191
2026-09-28T20:11:13.099+00:00,ospf,fwd,1768,OK,0.120
2026-09-28T20:11:13.303+00:00,ospf,fwd,1769,OK,0.131
2026-09-28T20:11:13.507+00:00,ospf,fwd,1770,OK,0.085
2026-09-28T20:11:13.711+00:00,ospf,fwd,1771,OK,0.172
2026-09-28T20:11:13.915+00:00,ospf,fwd,1772,OK,0.157
2026-09-28T20:11:14.123+00:00,ospf,fwd,1773,OK,0.135
2026-09-28T20:11:14.327+00:00,ospf,fwd,1774,OK,0.174
2026-09-28T20:11:14.535+00:00,ospf,fwd,1775,OK,0.166
2026-09-28T20:11:14.743+00:00,ospf,fwd,1776,OK,0.176
2026-09-28T20:11:14.947+00:00,ospf,fwd,1777,OK,0.145
2026-09-28T20:11:15.151+00:00,ospf,fwd,1778,OK,0.219
2026-09-28T20:11:15.355+00:00,ospf,fwd,1779,OK,0.148
2026-09-28T20:11:15.563+00:00,ospf,fwd,1780,OK,0.155
2026-09-28T20:11:15.767+00:00,ospf,fwd,1781,OK,0.109
2026-09-28T20:11:15.971+00:00,ospf,fwd,1782,OK,0.165
2026-09-28T20:11:16.175+00:00,ospf,fwd,1783,OK,0.120
2026-09-28T20:11:16.379+00:00,ospf,fwd,1784,OK,0.226
2026-09-28T20:11:16.583+00:00,ospf,fwd,1785,OK,0.150
2026-09-28T20:11:16.787+00:00,ospf,fwd,1786,OK,0.132
2026-09-28T20:11:16.991+00:00,ospf,fwd,1787,OK,0.178
2026-09-28T20:11:17.195+00:00,ospf,fwd,1788,OK,0.124
2026-09-28T20:11:17.399+00:00,ospf,fwd,1789,OK,0.110
2026-09-28T20:11:17.608+00:00,ospf,fwd,1790,OK,0.173
2026-09-28T20:11:17.811+00:00,ospf,fwd,1791,OK,0.113
2026-09-28T20:11:18.015+00:00,ospf,fwd,1792,OK,0.128
2026-09-28T20:11:18.219+00:00,ospf,fwd,1793,OK,0.189
2026-09-28T20:11:18.423+00:00,ospf,fwd,1794,OK,0.086
2026-09-28T20:11:18.627+00:00,ospf,fwd,1795,OK,0.136
2026-09-28T20:11:18.831+00:00,ospf,fwd,1796,OK,0.168
2026-09-28T20:11:19.039+00:00,ospf,fwd,1797,OK,0.161
2026-09-28T20:11:19.247+00:00,ospf,fwd,1798,OK,0.162
2026-09-28T20:11:19.448+00:00,ospf,fwd,1799,OK,0.185
2026-09-28T20:11:19.651+00:00,ospf,fwd,1800,OK,0.182
2026-09-28T20:11:19.859+00:00,ospf,fwd,1801,OK,0.195
2026-09-28T20:11:20.068+00:00,ospf,fwd,1802,OK,0.262
2026-09-28T20:11:20.275+00:00,ospf,fwd,1803,OK,0.256
2026-09-28T20:11:20.483+00:00,ospf,fwd,1804,OK,0.095
2026-09-28T20:11:20.687+00:00,ospf,fwd,1805,OK,0.126
2026-09-28T20:11:20.891+00:00,ospf,fwd,1806,OK,0.152
2026-09-28T20:11:21.095+00:00,ospf,fwd,1807,OK,0.106
2026-09-28T20:11:21.299+00:00,ospf,fwd,1808,OK,0.114
2026-09-28T20:11:21.503+00:00,ospf,fwd,1809,OK,0.157
2026-09-28T20:11:21.707+00:00,ospf,fwd,1810,OK,0.168
2026-09-28T20:11:21.911+00:00,ospf,fwd,1811,OK,0.127
2026-09-28T20:11:22.116+00:00,ospf,fwd,1812,OK,0.691
2026-09-28T20:11:22.316+00:00,ospf,fwd,1813,OK,0.196
2026-09-28T20:11:22.523+00:00,ospf,fwd,1814,OK,0.173
2026-09-28T20:11:22.732+00:00,ospf,fwd,1815,OK,0.231
2026-09-28T20:11:22.935+00:00,ospf,fwd,1816,OK,0.174
2026-09-28T20:11:23.139+00:00,ospf,fwd,1817,OK,0.431
2026-09-28T20:11:23.343+00:00,ospf,fwd,1818,OK,0.116
2026-09-28T20:11:23.551+00:00,ospf,fwd,1819,OK,0.092
2026-09-28T20:11:23.759+00:00,ospf,fwd,1820,OK,0.170
2026-09-28T20:11:23.963+00:00,ospf,fwd,1821,OK,0.148
2026-09-28T20:11:24.167+00:00,ospf,fwd,1822,OK,0.108
2026-09-28T20:11:24.371+00:00,ospf,fwd,1823,OK,0.139
2026-09-28T20:11:24.579+00:00,ospf,fwd,1824,OK,0.125
2026-09-28T20:11:24.783+00:00,ospf,fwd,1825,OK,0.129
2026-09-28T20:11:24.987+00:00,ospf,fwd,1826,OK,0.170
2026-09-28T20:11:25.188+00:00,ospf,fwd,1827,OK,0.138
2026-09-28T20:11:25.391+00:00,ospf,fwd,1828,OK,0.119
2026-09-28T20:11:25.595+00:00,ospf,fwd,1829,OK,0.084
2026-09-28T20:11:25.799+00:00,ospf,fwd,1830,OK,0.136
2026-09-28T20:11:26.003+00:00,ospf,fwd,1831,OK,0.137
2026-09-28T20:11:26.207+00:00,ospf,fwd,1832,OK,0.194
2026-09-28T20:11:26.415+00:00,ospf,fwd,1833,OK,0.201
2026-09-28T20:11:26.619+00:00,ospf,fwd,1834,OK,0.195
2026-09-28T20:11:26.827+00:00,ospf,fwd,1835,OK,0.209
2026-09-28T20:11:27.036+00:00,ospf,fwd,1836,OK,0.460
2026-09-28T20:11:27.243+00:00,ospf,fwd,1837,OK,0.184
2026-09-28T20:11:27.451+00:00,ospf,fwd,1838,OK,0.172
2026-09-28T20:11:27.655+00:00,ospf,fwd,1839,OK,0.182
2026-09-28T20:11:27.860+00:00,ospf,fwd,1840,OK,0.245
2026-09-28T20:11:28.063+00:00,ospf,fwd,1841,OK,0.192
2026-09-28T20:11:28.267+00:00,ospf,fwd,1842,OK,0.229
2026-09-28T20:11:28.472+00:00,ospf,fwd,1843,OK,0.169
2026-09-28T20:11:28.676+00:00,ospf,fwd,1844,OK,0.168
2026-09-28T20:11:28.879+00:00,ospf,fwd,1845,OK,0.173
2026-09-28T20:11:29.083+00:00,ospf,fwd,1846,OK,0.172
2026-09-28T20:11:29.287+00:00,ospf,fwd,1847,OK,0.210
2026-09-28T20:11:29.496+00:00,ospf,fwd,1848,OK,0.166
2026-09-28T20:11:29.699+00:00,ospf,fwd,1849,OK,0.150
2026-09-28T20:11:29.907+00:00,ospf,fwd,1850,OK,0.158
2026-09-28T20:11:30.112+00:00,ospf,fwd,1851,OK,0.151
2026-09-28T20:11:30.316+00:00,ospf,fwd,1852,OK,0.212
2026-09-28T20:11:30.523+00:00,ospf,fwd,1853,OK,0.172
2026-09-28T20:11:30.727+00:00,ospf,fwd,1854,OK,0.131
2026-09-28T20:11:30.931+00:00,ospf,fwd,1855,OK,0.177
2026-09-28T20:11:31.139+00:00,ospf,fwd,1856,OK,0.190
2026-09-28T20:11:31.343+00:00,ospf,fwd,1857,OK,0.169
2026-09-28T20:11:31.547+00:00,ospf,fwd,1858,OK,0.169
2026-09-28T20:11:31.751+00:00,ospf,fwd,1859,OK,0.194
2026-09-28T20:11:31.951+00:00,ospf,fwd,1860,OK,0.263
2026-09-28T20:11:32.155+00:00,ospf,fwd,1861,OK,0.127
2026-09-28T20:11:32.359+00:00,ospf,fwd,1862,OK,0.152
2026-09-28T20:11:32.563+00:00,ospf,fwd,1863,OK,0.191
2026-09-28T20:11:32.771+00:00,ospf,fwd,1864,OK,0.185
2026-09-28T20:11:32.975+00:00,ospf,fwd,1865,OK,0.190
2026-09-28T20:11:33.179+00:00,ospf,fwd,1866,OK,0.182
2026-09-28T20:11:33.387+00:00,ospf,fwd,1867,OK,0.137
2026-09-28T20:11:33.591+00:00,ospf,fwd,1868,OK,0.191
2026-09-28T20:11:33.795+00:00,ospf,fwd,1869,OK,0.169
2026-09-28T20:11:34.003+00:00,ospf,fwd,1870,OK,0.280
2026-09-28T20:11:34.211+00:00,ospf,fwd,1871,OK,0.197
2026-09-28T20:11:34.419+00:00,ospf,fwd,1872,OK,0.135
2026-09-28T20:11:34.627+00:00,ospf,fwd,1873,OK,0.174
2026-09-28T20:11:34.836+00:00,ospf,fwd,1874,OK,0.206
2026-09-28T20:11:35.040+00:00,ospf,fwd,1875,OK,0.159
2026-09-28T20:11:35.243+00:00,ospf,fwd,1876,OK,0.179
2026-09-28T20:11:35.451+00:00,ospf,fwd,1877,OK,0.168
2026-09-28T20:11:35.655+00:00,ospf,fwd,1878,OK,0.128
2026-09-28T20:11:35.863+00:00,ospf,fwd,1879,OK,0.166
2026-09-28T20:11:36.071+00:00,ospf,fwd,1880,OK,0.122
2026-09-28T20:11:36.275+00:00,ospf,fwd,1881,OK,0.111
2026-09-28T20:11:36.479+00:00,ospf,fwd,1882,OK,0.144
2026-09-28T20:11:36.687+00:00,ospf,fwd,1883,OK,0.160
2026-09-28T20:11:36.892+00:00,ospf,fwd,1884,OK,0.172
2026-09-28T20:11:37.095+00:00,ospf,fwd,1885,OK,0.134
2026-09-28T20:11:37.299+00:00,ospf,fwd,1886,OK,0.162
2026-09-28T20:11:37.504+00:00,ospf,fwd,1887,OK,0.183
2026-09-28T20:11:37.707+00:00,ospf,fwd,1888,OK,0.195
2026-09-28T20:05:07.834+00:00,ospf,rev,1,OK,0.248
2026-09-28T20:05:08.035+00:00,ospf,rev,2,OK,0.281
2026-09-28T20:05:08.243+00:00,ospf,rev,3,OK,0.290
2026-09-28T20:05:08.447+00:00,ospf,rev,4,OK,0.293
2026-09-28T20:05:08.651+00:00,ospf,rev,5,OK,0.177
2026-09-28T20:05:08.859+00:00,ospf,rev,6,OK,0.271
2026-09-28T20:05:09.063+00:00,ospf,rev,7,OK,0.252
2026-09-28T20:05:09.267+00:00,ospf,rev,8,OK,0.215
2026-09-28T20:05:09.471+00:00,ospf,rev,9,OK,0.204
2026-09-28T20:05:09.675+00:00,ospf,rev,10,OK,0.145
2026-09-28T20:05:09.879+00:00,ospf,rev,11,OK,0.215
2026-09-28T20:05:10.083+00:00,ospf,rev,12,OK,0.260
2026-09-28T20:05:10.291+00:00,ospf,rev,13,OK,0.249
2026-09-28T20:05:10.495+00:00,ospf,rev,14,OK,0.194
2026-09-28T20:05:10.703+00:00,ospf,rev,15,OK,0.207
2026-09-28T20:05:10.907+00:00,ospf,rev,16,OK,0.313
2026-09-28T20:05:11.116+00:00,ospf,rev,17,OK,0.674
2026-09-28T20:05:11.319+00:00,ospf,rev,18,OK,0.347
2026-09-28T20:05:11.528+00:00,ospf,rev,19,OK,0.239
2026-09-28T20:05:11.731+00:00,ospf,rev,20,OK,0.229
2026-09-28T20:05:11.935+00:00,ospf,rev,21,FAIL,
2026-09-28T20:05:19.100+00:00,ospf,rev,41,FAIL,
2026-09-28T20:05:19.100+00:00,ospf,rev,42,FAIL,
2026-09-28T20:05:19.100+00:00,ospf,rev,43,FAIL,
2026-09-28T20:05:19.100+00:00,ospf,rev,44,FAIL,
2026-09-28T20:05:19.100+00:00,ospf,rev,45,FAIL,
2026-09-28T20:05:19.100+00:00,ospf,rev,46,FAIL,
2026-09-28T20:05:22.171+00:00,ospf,rev,56,FAIL,
2026-09-28T20:05:22.171+00:00,ospf,rev,57,FAIL,
2026-09-28T20:05:22.171+00:00,ospf,rev,58,FAIL,
2026-09-28T20:05:25.243+00:00,ospf,rev,71,FAIL,
2026-09-28T20:05:25.243+00:00,ospf,rev,72,FAIL,
2026-09-28T20:05:28.320+00:00,ospf,rev,87,FAIL,
2026-09-28T20:05:28.320+00:00,ospf,rev,88,FAIL,
2026-09-28T20:05:28.320+00:00,ospf,rev,89,FAIL,
2026-09-28T20:05:28.320+00:00,ospf,rev,90,FAIL,
2026-09-28T20:05:31.387+00:00,ospf,rev,101,FAIL,
2026-09-28T20:05:31.387+00:00,ospf,rev,102,FAIL,
2026-09-28T20:05:31.387+00:00,ospf,rev,103,FAIL,
2026-09-28T20:05:34.459+00:00,ospf,rev,116,FAIL,
2026-09-28T20:05:34.460+00:00,ospf,rev,117,FAIL,
2026-09-28T20:05:34.460+00:00,ospf,rev,118,FAIL,
2026-09-28T20:05:37.536+00:00,ospf,rev,131,FAIL,
2026-09-28T20:05:37.536+00:00,ospf,rev,132,FAIL,
2026-09-28T20:05:37.536+00:00,ospf,rev,133,FAIL,
2026-09-28T20:05:40.603+00:00,ospf,rev,146,FAIL,
2026-09-28T20:05:40.603+00:00,ospf,rev,147,FAIL,
2026-09-28T20:05:40.603+00:00,ospf,rev,148,FAIL,
2026-09-28T20:05:43.872+00:00,ospf,rev,162,FAIL,
2026-09-28T20:05:43.872+00:00,ospf,rev,163,FAIL,
2026-09-28T20:05:43.872+00:00,ospf,rev,164,FAIL,
2026-09-28T20:05:45.095+00:00,ospf,rev,183,OK,0.145
2026-09-28T20:05:45.299+00:00,ospf,rev,184,OK,0.135
2026-09-28T20:05:45.503+00:00,ospf,rev,185,OK,0.186
2026-09-28T20:05:45.707+00:00,ospf,rev,186,OK,0.108
2026-09-28T20:05:45.915+00:00,ospf,rev,187,OK,0.196
2026-09-28T20:05:46.119+00:00,ospf,rev,188,OK,0.106
2026-09-28T20:05:46.323+00:00,ospf,rev,189,OK,0.109
2026-09-28T20:05:46.527+00:00,ospf,rev,190,OK,0.157
2026-09-28T20:05:46.731+00:00,ospf,rev,191,OK,0.122
2026-09-28T20:05:46.935+00:00,ospf,rev,192,OK,0.092
2026-09-28T20:05:47.131+00:00,ospf,rev,178,FAIL,
2026-09-28T20:05:47.131+00:00,ospf,rev,179,FAIL,
2026-09-28T20:05:47.131+00:00,ospf,rev,180,FAIL,
2026-09-28T20:05:47.131+00:00,ospf,rev,181,FAIL,
2026-09-28T20:05:47.135+00:00,ospf,rev,193,OK,0.116
2026-09-28T20:05:47.339+00:00,ospf,rev,194,OK,0.160
2026-09-28T20:05:47.543+00:00,ospf,rev,195,OK,0.130
2026-09-28T20:05:47.748+00:00,ospf,rev,196,OK,0.143
2026-09-28T20:05:47.951+00:00,ospf,rev,197,OK,0.170
2026-09-28T20:05:48.157+00:00,ospf,rev,198,OK,0.198
2026-09-28T20:05:48.359+00:00,ospf,rev,199,OK,0.174
2026-09-28T20:05:48.572+00:00,ospf,rev,200,OK,2.42
2026-09-28T20:05:48.771+00:00,ospf,rev,201,OK,0.504
2026-09-28T20:05:48.971+00:00,ospf,rev,202,OK,0.183
2026-09-28T20:05:49.171+00:00,ospf,rev,203,OK,0.223
2026-09-28T20:05:49.375+00:00,ospf,rev,204,OK,0.155
2026-09-28T20:05:49.579+00:00,ospf,rev,205,OK,0.130
2026-09-28T20:05:49.783+00:00,ospf,rev,206,OK,0.124
2026-09-28T20:05:49.987+00:00,ospf,rev,207,OK,0.111
2026-09-28T20:05:50.191+00:00,ospf,rev,208,OK,0.205
2026-09-28T20:05:50.395+00:00,ospf,rev,209,OK,0.154
2026-09-28T20:05:50.603+00:00,ospf,rev,210,OK,0.102
2026-09-28T20:05:50.807+00:00,ospf,rev,211,OK,0.126
2026-09-28T20:05:51.013+00:00,ospf,rev,212,OK,0.186
2026-09-28T20:05:51.215+00:00,ospf,rev,213,OK,0.166
2026-09-28T20:05:51.419+00:00,ospf,rev,214,OK,0.144
2026-09-28T20:05:51.623+00:00,ospf,rev,215,OK,0.088
2026-09-28T20:05:51.831+00:00,ospf,rev,216,OK,0.174
2026-09-28T20:05:52.039+00:00,ospf,rev,217,OK,0.146
2026-09-28T20:05:52.243+00:00,ospf,rev,218,OK,0.138
2026-09-28T20:05:52.448+00:00,ospf,rev,219,OK,0.159
2026-09-28T20:05:52.651+00:00,ospf,rev,220,OK,0.182
2026-09-28T20:05:52.855+00:00,ospf,rev,221,OK,0.172
2026-09-28T20:05:53.060+00:00,ospf,rev,222,OK,0.290
2026-09-28T20:05:53.264+00:00,ospf,rev,223,OK,0.292
2026-09-28T20:05:53.467+00:00,ospf,rev,224,OK,0.154
2026-09-28T20:05:53.671+00:00,ospf,rev,225,OK,0.138
2026-09-28T20:05:53.879+00:00,ospf,rev,226,OK,0.140
2026-09-28T20:05:54.083+00:00,ospf,rev,227,OK,0.211
2026-09-28T20:05:54.291+00:00,ospf,rev,228,OK,0.191
2026-09-28T20:05:54.495+00:00,ospf,rev,229,OK,0.179
2026-09-28T20:05:54.700+00:00,ospf,rev,230,OK,0.173
2026-09-28T20:05:54.903+00:00,ospf,rev,231,OK,0.167
2026-09-28T20:05:55.107+00:00,ospf,rev,232,OK,0.096
2026-09-28T20:05:55.315+00:00,ospf,rev,233,OK,0.157
2026-09-28T20:05:55.519+00:00,ospf,rev,234,OK,0.139
2026-09-28T20:05:55.723+00:00,ospf,rev,235,OK,0.164
2026-09-28T20:05:55.927+00:00,ospf,rev,236,OK,0.099
2026-09-28T20:05:56.131+00:00,ospf,rev,237,OK,0.171
2026-09-28T20:05:56.335+00:00,ospf,rev,238,OK,0.096
2026-09-28T20:05:56.543+00:00,ospf,rev,239,OK,0.109
2026-09-28T20:05:56.747+00:00,ospf,rev,240,OK,0.123
2026-09-28T20:05:56.951+00:00,ospf,rev,241,OK,0.097
2026-09-28T20:05:57.155+00:00,ospf,rev,242,OK,0.209
2026-09-28T20:05:57.363+00:00,ospf,rev,243,OK,0.093
2026-09-28T20:05:57.568+00:00,ospf,rev,244,OK,0.202
2026-09-28T20:05:57.775+00:00,ospf,rev,245,OK,0.175
2026-09-28T20:05:57.979+00:00,ospf,rev,246,OK,0.127
2026-09-28T20:05:58.183+00:00,ospf,rev,247,OK,0.105
2026-09-28T20:05:58.387+00:00,ospf,rev,248,OK,0.109
2026-09-28T20:05:58.591+00:00,ospf,rev,249,OK,0.087
2026-09-28T20:05:58.799+00:00,ospf,rev,250,OK,0.159
2026-09-28T20:05:59.003+00:00,ospf,rev,251,OK,0.186
2026-09-28T20:05:59.208+00:00,ospf,rev,252,OK,0.208
2026-09-28T20:05:59.411+00:00,ospf,rev,253,OK,0.214
2026-09-28T20:05:59.616+00:00,ospf,rev,254,OK,0.222
2026-09-28T20:05:59.823+00:00,ospf,rev,255,OK,0.140
2026-09-28T20:06:00.027+00:00,ospf,rev,256,OK,0.160
2026-09-28T20:06:00.231+00:00,ospf,rev,257,OK,0.097
2026-09-28T20:06:00.436+00:00,ospf,rev,258,OK,0.415
2026-09-28T20:06:00.639+00:00,ospf,rev,259,OK,0.114
2026-09-28T20:06:00.843+00:00,ospf,rev,260,OK,0.173
2026-09-28T20:06:01.047+00:00,ospf,rev,261,OK,0.134
2026-09-28T20:06:01.252+00:00,ospf,rev,262,OK,0.137
2026-09-28T20:06:01.455+00:00,ospf,rev,263,OK,0.242
2026-09-28T20:06:01.659+00:00,ospf,rev,264,OK,0.163
2026-09-28T20:06:01.863+00:00,ospf,rev,265,OK,0.141
2026-09-28T20:06:02.067+00:00,ospf,rev,266,OK,0.211
2026-09-28T20:06:02.271+00:00,ospf,rev,267,OK,0.117
2026-09-28T20:06:02.475+00:00,ospf,rev,268,OK,0.084
2026-09-28T20:06:02.679+00:00,ospf,rev,269,OK,0.112
2026-09-28T20:06:02.883+00:00,ospf,rev,270,OK,0.105
2026-09-28T20:06:03.087+00:00,ospf,rev,271,OK,0.135
2026-09-28T20:06:03.291+00:00,ospf,rev,272,OK,0.132
2026-09-28T20:06:03.495+00:00,ospf,rev,273,OK,0.093
2026-09-28T20:06:03.699+00:00,ospf,rev,274,OK,0.110
2026-09-28T20:06:03.907+00:00,ospf,rev,275,OK,0.105
2026-09-28T20:06:04.111+00:00,ospf,rev,276,OK,0.156
2026-09-28T20:06:04.315+00:00,ospf,rev,277,OK,0.156
2026-09-28T20:06:04.519+00:00,ospf,rev,278,OK,0.084
2026-09-28T20:06:04.727+00:00,ospf,rev,279,OK,0.102
2026-09-28T20:06:04.931+00:00,ospf,rev,280,OK,0.126
2026-09-28T20:06:05.135+00:00,ospf,rev,281,OK,0.155
2026-09-28T20:06:05.339+00:00,ospf,rev,282,OK,0.141
2026-09-28T20:06:05.543+00:00,ospf,rev,283,OK,0.122
2026-09-28T20:06:05.751+00:00,ospf,rev,284,OK,0.098
2026-09-28T20:06:05.955+00:00,ospf,rev,285,OK,0.127
2026-09-28T20:06:06.159+00:00,ospf,rev,286,OK,0.101
2026-09-28T20:06:06.363+00:00,ospf,rev,287,OK,0.149
2026-09-28T20:06:06.567+00:00,ospf,rev,288,OK,0.184
2026-09-28T20:06:06.771+00:00,ospf,rev,289,OK,0.157
2026-09-28T20:06:06.975+00:00,ospf,rev,290,OK,0.149
2026-09-28T20:06:07.183+00:00,ospf,rev,291,OK,0.151
2026-09-28T20:06:07.387+00:00,ospf,rev,292,OK,0.108
2026-09-28T20:06:07.595+00:00,ospf,rev,293,OK,0.124
2026-09-28T20:06:07.799+00:00,ospf,rev,294,OK,0.170
2026-09-28T20:06:08.003+00:00,ospf,rev,295,OK,0.142
2026-09-28T20:06:08.207+00:00,ospf,rev,296,OK,0.275
2026-09-28T20:06:08.411+00:00,ospf,rev,297,OK,0.131
2026-09-28T20:06:08.615+00:00,ospf,rev,298,OK,0.162
2026-09-28T20:06:08.819+00:00,ospf,rev,299,OK,0.141
2026-09-28T20:06:09.023+00:00,ospf,rev,300,OK,0.102
2026-09-28T20:06:09.227+00:00,ospf,rev,301,OK,0.105
2026-09-28T20:06:09.431+00:00,ospf,rev,302,OK,0.107
2026-09-28T20:06:09.639+00:00,ospf,rev,303,OK,0.162
2026-09-28T20:06:09.843+00:00,ospf,rev,304,OK,0.156
2026-09-28T20:06:10.051+00:00,ospf,rev,305,OK,0.154
2026-09-28T20:06:10.255+00:00,ospf,rev,306,OK,0.110
2026-09-28T20:06:10.459+00:00,ospf,rev,307,OK,0.113
2026-09-28T20:06:10.663+00:00,ospf,rev,308,OK,0.118
2026-09-28T20:06:10.867+00:00,ospf,rev,309,OK,0.124
2026-09-28T20:06:11.071+00:00,ospf,rev,310,OK,0.209
2026-09-28T20:06:11.275+00:00,ospf,rev,311,OK,0.158
2026-09-28T20:06:11.479+00:00,ospf,rev,312,OK,0.103
2026-09-28T20:06:11.683+00:00,ospf,rev,313,OK,0.117
2026-09-28T20:06:11.887+00:00,ospf,rev,314,OK,0.099
2026-09-28T20:06:12.091+00:00,ospf,rev,315,OK,0.080
2026-09-28T20:06:12.295+00:00,ospf,rev,316,OK,0.157
2026-09-28T20:06:12.499+00:00,ospf,rev,317,OK,0.114
2026-09-28T20:06:12.703+00:00,ospf,rev,318,OK,0.146
2026-09-28T20:06:12.911+00:00,ospf,rev,319,OK,0.103
2026-09-28T20:06:13.116+00:00,ospf,rev,320,OK,0.133
2026-09-28T20:06:13.319+00:00,ospf,rev,321,OK,0.140
2026-09-28T20:06:13.523+00:00,ospf,rev,322,OK,0.107
2026-09-28T20:06:13.727+00:00,ospf,rev,323,OK,0.129
2026-09-28T20:06:13.931+00:00,ospf,rev,324,OK,0.141
2026-09-28T20:06:14.139+00:00,ospf,rev,325,OK,0.152
2026-09-28T20:06:14.343+00:00,ospf,rev,326,OK,0.138
2026-09-28T20:06:14.551+00:00,ospf,rev,327,OK,0.154
2026-09-28T20:06:14.755+00:00,ospf,rev,328,OK,0.192
2026-09-28T20:06:14.959+00:00,ospf,rev,329,OK,0.145
2026-09-28T20:06:15.163+00:00,ospf,rev,330,OK,0.167
2026-09-28T20:06:15.371+00:00,ospf,rev,331,OK,0.120
2026-09-28T20:06:15.575+00:00,ospf,rev,332,OK,0.088
2026-09-28T20:06:15.779+00:00,ospf,rev,333,OK,0.142
2026-09-28T20:06:15.983+00:00,ospf,rev,334,OK,0.136
2026-09-28T20:06:16.187+00:00,ospf,rev,335,OK,0.136
2026-09-28T20:06:16.391+00:00,ospf,rev,336,OK,0.131
2026-09-28T20:06:16.595+00:00,ospf,rev,337,OK,0.135
2026-09-28T20:06:16.799+00:00,ospf,rev,338,OK,0.144
2026-09-28T20:06:17.003+00:00,ospf,rev,339,OK,0.091
2026-09-28T20:06:17.207+00:00,ospf,rev,340,OK,0.102
2026-09-28T20:06:17.411+00:00,ospf,rev,341,OK,0.110
2026-09-28T20:06:17.615+00:00,ospf,rev,342,OK,0.130
2026-09-28T20:06:17.819+00:00,ospf,rev,343,OK,0.119
2026-09-28T20:06:18.023+00:00,ospf,rev,344,OK,0.200
2026-09-28T20:06:18.228+00:00,ospf,rev,345,OK,0.145
2026-09-28T20:06:18.435+00:00,ospf,rev,346,OK,0.090
2026-09-28T20:06:18.639+00:00,ospf,rev,347,OK,0.137
2026-09-28T20:06:18.843+00:00,ospf,rev,348,OK,0.108
2026-09-28T20:06:19.051+00:00,ospf,rev,349,OK,0.144
2026-09-28T20:06:19.255+00:00,ospf,rev,350,OK,0.233
2026-09-28T20:06:19.463+00:00,ospf,rev,351,OK,0.143
2026-09-28T20:06:19.667+00:00,ospf,rev,352,OK,0.125
2026-09-28T20:06:19.871+00:00,ospf,rev,353,OK,0.097
2026-09-28T20:06:20.075+00:00,ospf,rev,354,OK,0.126
2026-09-28T20:06:20.279+00:00,ospf,rev,355,OK,0.146
2026-09-28T20:06:20.483+00:00,ospf,rev,356,OK,0.167
2026-09-28T20:06:20.687+00:00,ospf,rev,357,OK,0.135
2026-09-28T20:06:20.891+00:00,ospf,rev,358,OK,0.150
2026-09-28T20:06:21.099+00:00,ospf,rev,359,OK,0.133
2026-09-28T20:06:21.303+00:00,ospf,rev,360,OK,0.165
2026-09-28T20:06:21.507+00:00,ospf,rev,361,OK,0.168
2026-09-28T20:06:21.716+00:00,ospf,rev,362,OK,0.151
2026-09-28T20:06:21.919+00:00,ospf,rev,363,OK,0.134
2026-09-28T20:06:22.123+00:00,ospf,rev,364,OK,0.123
2026-09-28T20:06:22.327+00:00,ospf,rev,365,OK,0.127
2026-09-28T20:06:22.531+00:00,ospf,rev,366,OK,0.136
2026-09-28T20:06:22.735+00:00,ospf,rev,367,OK,0.149
2026-09-28T20:06:22.940+00:00,ospf,rev,368,OK,0.099
2026-09-28T20:06:23.143+00:00,ospf,rev,369,OK,0.121
2026-09-28T20:06:23.347+00:00,ospf,rev,370,OK,0.095
2026-09-28T20:06:23.551+00:00,ospf,rev,371,OK,0.187
2026-09-28T20:06:23.755+00:00,ospf,rev,372,OK,0.124
2026-09-28T20:06:23.959+00:00,ospf,rev,373,OK,0.089
2026-09-28T20:06:24.163+00:00,ospf,rev,374,OK,0.103
2026-09-28T20:06:24.371+00:00,ospf,rev,375,OK,0.081
2026-09-28T20:06:24.575+00:00,ospf,rev,376,OK,0.142
2026-09-28T20:06:24.779+00:00,ospf,rev,377,OK,0.093
2026-09-28T20:06:24.983+00:00,ospf,rev,378,OK,0.081
2026-09-28T20:06:25.187+00:00,ospf,rev,379,OK,0.101
2026-09-28T20:06:25.396+00:00,ospf,rev,380,OK,0.135
2026-09-28T20:06:25.599+00:00,ospf,rev,381,OK,0.136
2026-09-28T20:06:25.803+00:00,ospf,rev,382,OK,0.109
2026-09-28T20:06:26.007+00:00,ospf,rev,383,OK,0.143
2026-09-28T20:06:26.211+00:00,ospf,rev,384,OK,0.138
2026-09-28T20:06:26.415+00:00,ospf,rev,385,OK,0.125
2026-09-28T20:06:26.619+00:00,ospf,rev,386,OK,0.108
2026-09-28T20:06:26.823+00:00,ospf,rev,387,OK,0.147
2026-09-28T20:06:27.027+00:00,ospf,rev,388,OK,0.110
2026-09-28T20:06:27.231+00:00,ospf,rev,389,OK,0.099
2026-09-28T20:06:27.435+00:00,ospf,rev,390,OK,0.136
2026-09-28T20:06:27.643+00:00,ospf,rev,391,OK,0.130
2026-09-28T20:06:27.847+00:00,ospf,rev,392,OK,0.157
2026-09-28T20:06:28.051+00:00,ospf,rev,393,OK,0.113
2026-09-28T20:06:28.255+00:00,ospf,rev,394,OK,0.187
2026-09-28T20:06:28.459+00:00,ospf,rev,395,OK,0.186
2026-09-28T20:06:28.663+00:00,ospf,rev,396,OK,0.132
2026-09-28T20:06:28.871+00:00,ospf,rev,397,OK,0.194
2026-09-28T20:06:29.079+00:00,ospf,rev,398,OK,0.147
2026-09-28T20:06:29.283+00:00,ospf,rev,399,OK,0.088
2026-09-28T20:06:29.487+00:00,ospf,rev,400,OK,0.114
2026-09-28T20:06:29.691+00:00,ospf,rev,401,OK,0.094
2026-09-28T20:06:29.899+00:00,ospf,rev,402,OK,0.144
2026-09-28T20:06:30.104+00:00,ospf,rev,403,OK,0.287
2026-09-28T20:06:30.307+00:00,ospf,rev,404,OK,0.083
2026-09-28T20:06:30.511+00:00,ospf,rev,405,OK,0.136
2026-09-28T20:06:30.715+00:00,ospf,rev,406,OK,0.095
2026-09-28T20:06:30.919+00:00,ospf,rev,407,OK,0.094
2026-09-28T20:06:31.123+00:00,ospf,rev,408,OK,0.165
2026-09-28T20:06:31.327+00:00,ospf,rev,409,OK,0.142
2026-09-28T20:06:31.531+00:00,ospf,rev,410,OK,0.157
2026-09-28T20:06:31.739+00:00,ospf,rev,411,OK,0.187
2026-09-28T20:06:31.943+00:00,ospf,rev,412,OK,0.114
2026-09-28T20:06:32.147+00:00,ospf,rev,413,OK,0.128
2026-09-28T20:06:32.351+00:00,ospf,rev,414,OK,0.128
2026-09-28T20:06:32.555+00:00,ospf,rev,415,OK,0.090
2026-09-28T20:06:32.763+00:00,ospf,rev,416,OK,0.149
2026-09-28T20:06:32.967+00:00,ospf,rev,417,OK,0.131
2026-09-28T20:06:33.171+00:00,ospf,rev,418,OK,0.099
2026-09-28T20:06:33.375+00:00,ospf,rev,419,OK,0.096
2026-09-28T20:06:33.579+00:00,ospf,rev,420,OK,0.091
2026-09-28T20:06:33.783+00:00,ospf,rev,421,OK,0.142
2026-09-28T20:06:33.987+00:00,ospf,rev,422,OK,0.118
2026-09-28T20:06:34.191+00:00,ospf,rev,423,OK,0.100
2026-09-28T20:06:34.395+00:00,ospf,rev,424,OK,0.094
2026-09-28T20:06:34.599+00:00,ospf,rev,425,OK,0.085
2026-09-28T20:06:34.803+00:00,ospf,rev,426,OK,0.195
2026-09-28T20:06:35.007+00:00,ospf,rev,427,OK,0.208
2026-09-28T20:06:35.215+00:00,ospf,rev,428,OK,0.167
2026-09-28T20:06:35.419+00:00,ospf,rev,429,OK,0.283
2026-09-28T20:06:35.627+00:00,ospf,rev,430,OK,0.165
2026-09-28T20:06:35.835+00:00,ospf,rev,431,OK,0.463
2026-09-28T20:06:36.039+00:00,ospf,rev,432,OK,0.139
2026-09-28T20:06:36.247+00:00,ospf,rev,433,OK,0.134
2026-09-28T20:06:36.451+00:00,ospf,rev,434,OK,0.105
2026-09-28T20:06:36.655+00:00,ospf,rev,435,OK,0.115
2026-09-28T20:06:36.859+00:00,ospf,rev,436,OK,0.157
2026-09-28T20:06:37.063+00:00,ospf,rev,437,OK,0.134
2026-09-28T20:06:37.267+00:00,ospf,rev,438,OK,0.159
2026-09-28T20:06:37.471+00:00,ospf,rev,439,OK,0.146
2026-09-28T20:06:37.675+00:00,ospf,rev,440,OK,0.085
2026-09-28T20:06:37.879+00:00,ospf,rev,441,OK,0.161
2026-09-28T20:06:38.083+00:00,ospf,rev,442,OK,0.118
2026-09-28T20:06:38.287+00:00,ospf,rev,443,OK,0.129
2026-09-28T20:06:38.493+00:00,ospf,rev,444,OK,0.264
2026-09-28T20:06:38.699+00:00,ospf,rev,445,OK,0.189
2026-09-28T20:06:38.903+00:00,ospf,rev,446,OK,0.160
2026-09-28T20:06:39.108+00:00,ospf,rev,447,OK,0.185
2026-09-28T20:06:39.311+00:00,ospf,rev,448,OK,0.160
2026-09-28T20:06:39.515+00:00,ospf,rev,449,OK,0.237
2026-09-28T20:06:39.719+00:00,ospf,rev,450,OK,0.106
2026-09-28T20:06:39.923+00:00,ospf,rev,451,OK,0.173
2026-09-28T20:06:40.127+00:00,ospf,rev,452,OK,0.097
2026-09-28T20:06:40.331+00:00,ospf,rev,453,OK,0.097
2026-09-28T20:06:40.535+00:00,ospf,rev,454,OK,0.178
2026-09-28T20:06:40.739+00:00,ospf,rev,455,OK,0.134
2026-09-28T20:06:40.943+00:00,ospf,rev,456,OK,0.146
2026-09-28T20:06:41.147+00:00,ospf,rev,457,OK,0.159
2026-09-28T20:06:41.351+00:00,ospf,rev,458,OK,0.097
2026-09-28T20:06:41.555+00:00,ospf,rev,459,OK,0.157
2026-09-28T20:06:41.759+00:00,ospf,rev,460,OK,0.163
2026-09-28T20:06:41.963+00:00,ospf,rev,461,OK,0.163
2026-09-28T20:06:42.167+00:00,ospf,rev,462,OK,0.176
2026-09-28T20:06:42.371+00:00,ospf,rev,463,OK,0.112
2026-09-28T20:06:42.575+00:00,ospf,rev,464,OK,0.091
2026-09-28T20:06:42.779+00:00,ospf,rev,465,OK,0.157
2026-09-28T20:06:42.983+00:00,ospf,rev,466,OK,0.139
2026-09-28T20:06:43.187+00:00,ospf,rev,467,OK,0.480
2026-09-28T20:06:43.393+00:00,ospf,rev,468,OK,0.147
2026-09-28T20:06:43.599+00:00,ospf,rev,469,OK,0.158
2026-09-28T20:06:43.803+00:00,ospf,rev,470,OK,0.168
2026-09-28T20:06:44.014+00:00,ospf,rev,471,OK,0.130
2026-09-28T20:06:44.215+00:00,ospf,rev,472,OK,0.138
2026-09-28T20:06:44.419+00:00,ospf,rev,473,OK,0.080
2026-09-28T20:06:44.623+00:00,ospf,rev,474,OK,0.097
2026-09-28T20:06:44.827+00:00,ospf,rev,475,OK,0.178
2026-09-28T20:06:45.031+00:00,ospf,rev,476,OK,0.131
2026-09-28T20:06:45.235+00:00,ospf,rev,477,OK,0.169
2026-09-28T20:06:45.439+00:00,ospf,rev,478,OK,0.131
2026-09-28T20:06:45.643+00:00,ospf,rev,479,OK,0.214
2026-09-28T20:06:45.847+00:00,ospf,rev,480,OK,0.121
2026-09-28T20:06:46.051+00:00,ospf,rev,481,OK,0.180
2026-09-28T20:06:46.255+00:00,ospf,rev,482,OK,0.199
2026-09-28T20:06:46.459+00:00,ospf,rev,483,OK,0.157
2026-09-28T20:06:46.663+00:00,ospf,rev,484,OK,0.150
2026-09-28T20:06:46.867+00:00,ospf,rev,485,OK,0.156
2026-09-28T20:06:47.071+00:00,ospf,rev,486,OK,0.132
2026-09-28T20:06:47.275+00:00,ospf,rev,487,OK,0.106
2026-09-28T20:06:47.479+00:00,ospf,rev,488,OK,0.097
2026-09-28T20:06:47.683+00:00,ospf,rev,489,OK,0.099
2026-09-28T20:06:47.887+00:00,ospf,rev,490,OK,0.159
2026-09-28T20:06:48.091+00:00,ospf,rev,491,OK,0.149
2026-09-28T20:06:48.295+00:00,ospf,rev,492,OK,0.237
2026-09-28T20:06:48.499+00:00,ospf,rev,493,OK,0.087
2026-09-28T20:06:48.703+00:00,ospf,rev,494,OK,0.120
2026-09-28T20:06:48.907+00:00,ospf,rev,495,OK,0.142
2026-09-28T20:06:49.111+00:00,ospf,rev,496,OK,0.148
2026-09-28T20:06:49.315+00:00,ospf,rev,497,OK,0.131
2026-09-28T20:06:49.519+00:00,ospf,rev,498,OK,0.113
2026-09-28T20:06:49.723+00:00,ospf,rev,499,OK,0.158
2026-09-28T20:06:49.927+00:00,ospf,rev,500,OK,0.104
2026-09-28T20:06:50.131+00:00,ospf,rev,501,OK,0.195
2026-09-28T20:06:50.335+00:00,ospf,rev,502,OK,0.101
2026-09-28T20:06:50.539+00:00,ospf,rev,503,OK,0.176
2026-09-28T20:06:50.743+00:00,ospf,rev,504,OK,0.180
2026-09-28T20:06:50.947+00:00,ospf,rev,505,OK,0.157
2026-09-28T20:06:51.155+00:00,ospf,rev,506,OK,0.214
2026-09-28T20:06:51.359+00:00,ospf,rev,507,OK,0.194
2026-09-28T20:06:51.564+00:00,ospf,rev,508,OK,0.158
2026-09-28T20:06:51.767+00:00,ospf,rev,509,OK,0.120
2026-09-28T20:06:51.971+00:00,ospf,rev,510,OK,0.169
2026-09-28T20:06:52.179+00:00,ospf,rev,511,OK,0.197
2026-09-28T20:06:52.383+00:00,ospf,rev,512,OK,0.115
2026-09-28T20:06:52.587+00:00,ospf,rev,513,OK,0.183
2026-09-28T20:06:52.791+00:00,ospf,rev,514,OK,0.111
2026-09-28T20:06:52.995+00:00,ospf,rev,515,OK,0.154
2026-09-28T20:06:53.199+00:00,ospf,rev,516,OK,0.130
2026-09-28T20:06:53.403+00:00,ospf,rev,517,OK,0.195
2026-09-28T20:06:53.607+00:00,ospf,rev,518,OK,0.180
2026-09-28T20:06:53.811+00:00,ospf,rev,519,OK,0.140
2026-09-28T20:06:54.015+00:00,ospf,rev,520,OK,0.153
2026-09-28T20:06:54.219+00:00,ospf,rev,521,OK,0.154
2026-09-28T20:06:54.423+00:00,ospf,rev,522,OK,0.293
2026-09-28T20:06:54.627+00:00,ospf,rev,523,OK,0.155
2026-09-28T20:06:54.831+00:00,ospf,rev,524,OK,0.169
2026-09-28T20:06:55.035+00:00,ospf,rev,525,OK,0.177
2026-09-28T20:06:55.239+00:00,ospf,rev,526,OK,0.182
2026-09-28T20:06:55.443+00:00,ospf,rev,527,OK,0.158
2026-09-28T20:06:55.651+00:00,ospf,rev,528,OK,0.176
2026-09-28T20:06:55.855+00:00,ospf,rev,529,OK,0.174
2026-09-28T20:06:56.059+00:00,ospf,rev,530,OK,0.106
2026-09-28T20:06:56.263+00:00,ospf,rev,531,OK,0.135
2026-09-28T20:06:56.467+00:00,ospf,rev,532,OK,0.132
2026-09-28T20:06:56.671+00:00,ospf,rev,533,OK,0.142
2026-09-28T20:06:56.875+00:00,ospf,rev,534,OK,0.129
2026-09-28T20:06:57.079+00:00,ospf,rev,535,OK,0.113
2026-09-28T20:06:57.287+00:00,ospf,rev,536,OK,0.200
2026-09-28T20:06:57.495+00:00,ospf,rev,537,OK,0.209
2026-09-28T20:06:57.699+00:00,ospf,rev,538,OK,0.217
2026-09-28T20:06:57.904+00:00,ospf,rev,539,OK,0.235
2026-09-28T20:06:58.107+00:00,ospf,rev,540,OK,0.174
2026-09-28T20:06:58.311+00:00,ospf,rev,541,OK,0.144
2026-09-28T20:06:58.515+00:00,ospf,rev,542,OK,0.162
2026-09-28T20:06:58.719+00:00,ospf,rev,543,OK,0.206
2026-09-28T20:06:58.923+00:00,ospf,rev,544,OK,0.162
2026-09-28T20:06:59.127+00:00,ospf,rev,545,OK,0.152
2026-09-28T20:06:59.332+00:00,ospf,rev,546,OK,0.147
2026-09-28T20:06:59.535+00:00,ospf,rev,547,OK,0.131
2026-09-28T20:06:59.739+00:00,ospf,rev,548,OK,0.164
2026-09-28T20:06:59.943+00:00,ospf,rev,549,OK,0.137
2026-09-28T20:07:00.147+00:00,ospf,rev,550,OK,0.129
2026-09-28T20:07:00.351+00:00,ospf,rev,551,OK,0.093
2026-09-28T20:07:00.555+00:00,ospf,rev,552,OK,0.105
2026-09-28T20:07:00.759+00:00,ospf,rev,553,OK,0.177
2026-09-28T20:07:00.963+00:00,ospf,rev,554,OK,0.126
2026-09-28T20:07:01.167+00:00,ospf,rev,555,OK,0.143
2026-09-28T20:07:01.371+00:00,ospf,rev,556,OK,0.086
2026-09-28T20:07:01.575+00:00,ospf,rev,557,OK,0.135
2026-09-28T20:07:01.779+00:00,ospf,rev,558,OK,0.125
2026-09-28T20:07:01.983+00:00,ospf,rev,559,OK,0.081
2026-09-28T20:07:02.187+00:00,ospf,rev,560,OK,0.103
2026-09-28T20:07:02.391+00:00,ospf,rev,561,OK,0.139
2026-09-28T20:07:02.595+00:00,ospf,rev,562,OK,0.140
2026-09-28T20:07:02.799+00:00,ospf,rev,563,OK,0.100
2026-09-28T20:07:03.003+00:00,ospf,rev,564,OK,0.126
2026-09-28T20:07:03.211+00:00,ospf,rev,565,OK,0.116
2026-09-28T20:07:03.415+00:00,ospf,rev,566,OK,0.107
2026-09-28T20:07:03.619+00:00,ospf,rev,567,OK,0.139
2026-09-28T20:07:03.823+00:00,ospf,rev,568,OK,0.158
2026-09-28T20:07:04.027+00:00,ospf,rev,569,OK,0.106
2026-09-28T20:07:04.231+00:00,ospf,rev,570,OK,0.101
2026-09-28T20:07:04.435+00:00,ospf,rev,571,OK,0.091
2026-09-28T20:07:04.639+00:00,ospf,rev,572,OK,0.171
2026-09-28T20:07:04.843+00:00,ospf,rev,573,OK,0.114
2026-09-28T20:07:05.051+00:00,ospf,rev,574,OK,0.132
2026-09-28T20:07:05.255+00:00,ospf,rev,575,OK,0.172
2026-09-28T20:07:05.459+00:00,ospf,rev,576,OK,0.143
2026-09-28T20:07:05.667+00:00,ospf,rev,577,OK,0.180
2026-09-28T20:07:05.871+00:00,ospf,rev,578,OK,0.146
2026-09-28T20:07:06.079+00:00,ospf,rev,579,OK,0.122
2026-09-28T20:07:06.287+00:00,ospf,rev,580,OK,0.129
2026-09-28T20:07:06.491+00:00,ospf,rev,581,OK,0.108
2026-09-28T20:07:06.695+00:00,ospf,rev,582,OK,0.100
2026-09-28T20:07:06.899+00:00,ospf,rev,583,OK,0.100
2026-09-28T20:07:07.103+00:00,ospf,rev,584,OK,0.129
2026-09-28T20:07:07.307+00:00,ospf,rev,585,OK,0.118
2026-09-28T20:07:07.511+00:00,ospf,rev,586,OK,0.140
2026-09-28T20:07:07.715+00:00,ospf,rev,587,OK,0.103
2026-09-28T20:07:07.923+00:00,ospf,rev,588,OK,0.127
2026-09-28T20:07:08.127+00:00,ospf,rev,589,OK,0.150
2026-09-28T20:07:08.331+00:00,ospf,rev,590,OK,0.177
2026-09-28T20:07:08.535+00:00,ospf,rev,591,OK,0.148
2026-09-28T20:07:08.739+00:00,ospf,rev,592,OK,0.117
2026-09-28T20:07:08.943+00:00,ospf,rev,593,OK,0.110
2026-09-28T20:07:09.148+00:00,ospf,rev,594,OK,0.146
2026-09-28T20:07:09.352+00:00,ospf,rev,595,OK,0.421
2026-09-28T20:07:09.559+00:00,ospf,rev,596,OK,0.150
2026-09-28T20:07:09.763+00:00,ospf,rev,597,OK,0.126
2026-09-28T20:07:09.967+00:00,ospf,rev,598,OK,0.164
2026-09-28T20:07:10.171+00:00,ospf,rev,599,OK,0.138
2026-09-28T20:07:10.375+00:00,ospf,rev,600,OK,0.094
2026-09-28T20:07:10.579+00:00,ospf,rev,601,OK,0.135
2026-09-28T20:07:10.787+00:00,ospf,rev,602,OK,0.161
2026-09-28T20:07:10.991+00:00,ospf,rev,603,OK,0.098
2026-09-28T20:07:11.195+00:00,ospf,rev,604,OK,0.120
2026-09-28T20:07:11.399+00:00,ospf,rev,605,OK,0.132
2026-09-28T20:07:11.603+00:00,ospf,rev,606,OK,0.083
2026-09-28T20:07:11.811+00:00,ospf,rev,607,OK,0.371
2026-09-28T20:07:12.015+00:00,ospf,rev,608,OK,0.169
2026-09-28T20:07:12.219+00:00,ospf,rev,609,OK,0.167
2026-09-28T20:07:12.423+00:00,ospf,rev,610,OK,0.276
2026-09-28T20:07:12.627+00:00,ospf,rev,611,OK,0.212
2026-09-28T20:07:12.832+00:00,ospf,rev,612,OK,0.160
2026-09-28T20:07:13.035+00:00,ospf,rev,613,OK,0.153
2026-09-28T20:07:13.239+00:00,ospf,rev,614,OK,0.148
2026-09-28T20:07:13.443+00:00,ospf,rev,615,OK,0.109
2026-09-28T20:07:13.647+00:00,ospf,rev,616,OK,0.100
2026-09-28T20:07:13.851+00:00,ospf,rev,617,OK,0.100
2026-09-28T20:07:14.055+00:00,ospf,rev,618,OK,0.129
2026-09-28T20:07:14.260+00:00,ospf,rev,619,OK,0.437
2026-09-28T20:07:14.463+00:00,ospf,rev,620,OK,0.094
2026-09-28T20:07:14.667+00:00,ospf,rev,621,OK,0.083
2026-09-28T20:07:14.871+00:00,ospf,rev,622,OK,0.141
2026-09-28T20:07:15.075+00:00,ospf,rev,623,OK,0.100
2026-09-28T20:07:15.279+00:00,ospf,rev,624,OK,0.116
2026-09-28T20:07:15.483+00:00,ospf,rev,625,OK,0.134
2026-09-28T20:07:15.687+00:00,ospf,rev,626,OK,0.118
2026-09-28T20:07:15.891+00:00,ospf,rev,627,OK,0.108
2026-09-28T20:07:16.095+00:00,ospf,rev,628,OK,0.103
2026-09-28T20:07:16.299+00:00,ospf,rev,629,OK,0.151
2026-09-28T20:07:16.503+00:00,ospf,rev,630,OK,0.094
2026-09-28T20:07:16.707+00:00,ospf,rev,631,OK,0.097
2026-09-28T20:07:16.911+00:00,ospf,rev,632,OK,0.104
2026-09-28T20:07:17.115+00:00,ospf,rev,633,OK,0.126
2026-09-28T20:07:17.319+00:00,ospf,rev,634,OK,0.096
2026-09-28T20:07:17.523+00:00,ospf,rev,635,OK,0.133
2026-09-28T20:07:17.727+00:00,ospf,rev,636,OK,0.155
2026-09-28T20:07:17.931+00:00,ospf,rev,637,OK,0.181
2026-09-28T20:07:18.139+00:00,ospf,rev,638,OK,0.136
2026-09-28T20:07:18.343+00:00,ospf,rev,639,OK,0.128
2026-09-28T20:07:18.551+00:00,ospf,rev,640,OK,0.121
2026-09-28T20:07:18.755+00:00,ospf,rev,641,OK,0.157
2026-09-28T20:07:18.959+00:00,ospf,rev,642,OK,0.156
2026-09-28T20:07:19.163+00:00,ospf,rev,643,OK,0.204
2026-09-28T20:07:19.368+00:00,ospf,rev,644,OK,0.292
2026-09-28T20:07:19.573+00:00,ospf,rev,645,OK,0.180
2026-09-28T20:07:19.775+00:00,ospf,rev,646,OK,0.138
2026-09-28T20:07:19.981+00:00,ospf,rev,647,OK,0.133
2026-09-28T20:07:20.183+00:00,ospf,rev,648,OK,0.155
2026-09-28T20:07:20.387+00:00,ospf,rev,649,OK,0.114
2026-09-28T20:07:20.591+00:00,ospf,rev,650,OK,0.089
2026-09-28T20:07:20.795+00:00,ospf,rev,651,OK,0.092
2026-09-28T20:07:20.999+00:00,ospf,rev,652,OK,0.104
2026-09-28T20:07:21.203+00:00,ospf,rev,653,OK,0.106
2026-09-28T20:07:21.407+00:00,ospf,rev,654,OK,0.120
2026-09-28T20:07:21.611+00:00,ospf,rev,655,OK,0.119
2026-09-28T20:07:21.815+00:00,ospf,rev,656,OK,0.270
2026-09-28T20:07:22.019+00:00,ospf,rev,657,OK,0.166
2026-09-28T20:07:22.223+00:00,ospf,rev,658,OK,0.100
2026-09-28T20:07:22.427+00:00,ospf,rev,659,OK,0.141
2026-09-28T20:07:22.635+00:00,ospf,rev,660,OK,0.137
2026-09-28T20:07:22.843+00:00,ospf,rev,661,OK,0.131
2026-09-28T20:07:23.047+00:00,ospf,rev,662,OK,0.098
2026-09-28T20:07:23.251+00:00,ospf,rev,663,OK,0.101
2026-09-28T20:07:23.455+00:00,ospf,rev,664,OK,0.087
2026-09-28T20:07:23.659+00:00,ospf,rev,665,OK,0.158
2026-09-28T20:07:23.863+00:00,ospf,rev,666,OK,0.100
2026-09-28T20:07:24.067+00:00,ospf,rev,667,OK,0.138
2026-09-28T20:07:24.271+00:00,ospf,rev,668,OK,0.150
2026-09-28T20:07:24.479+00:00,ospf,rev,669,OK,0.080
2026-09-28T20:07:24.683+00:00,ospf,rev,670,OK,0.087
2026-09-28T20:07:24.887+00:00,ospf,rev,671,OK,0.125
2026-09-28T20:07:25.091+00:00,ospf,rev,672,OK,0.100
2026-09-28T20:07:25.295+00:00,ospf,rev,673,OK,0.097
2026-09-28T20:07:25.499+00:00,ospf,rev,674,OK,0.091
2026-09-28T20:07:25.703+00:00,ospf,rev,675,OK,0.087
2026-09-28T20:07:25.907+00:00,ospf,rev,676,OK,0.176
2026-09-28T20:07:26.111+00:00,ospf,rev,677,OK,0.146
2026-09-28T20:07:26.315+00:00,ospf,rev,678,OK,0.168
2026-09-28T20:07:26.523+00:00,ospf,rev,679,OK,0.146
2026-09-28T20:07:26.727+00:00,ospf,rev,680,OK,0.153
2026-09-28T20:07:26.935+00:00,ospf,rev,681,OK,0.148
2026-09-28T20:07:27.143+00:00,ospf,rev,682,OK,0.147
2026-09-28T20:07:27.348+00:00,ospf,rev,683,OK,0.171
2026-09-28T20:07:27.555+00:00,ospf,rev,684,OK,0.148
2026-09-28T20:07:27.759+00:00,ospf,rev,685,OK,0.110
2026-09-28T20:07:27.963+00:00,ospf,rev,686,OK,0.101
2026-09-28T20:07:28.167+00:00,ospf,rev,687,OK,0.180
2026-09-28T20:07:28.371+00:00,ospf,rev,688,OK,0.148
2026-09-28T20:07:28.575+00:00,ospf,rev,689,OK,0.117
2026-09-28T20:07:28.779+00:00,ospf,rev,690,OK,0.153
2026-09-28T20:07:28.983+00:00,ospf,rev,691,OK,0.113
2026-09-28T20:07:29.187+00:00,ospf,rev,692,OK,0.166
2026-09-28T20:07:29.391+00:00,ospf,rev,693,OK,0.145
2026-09-28T20:07:29.595+00:00,ospf,rev,694,OK,0.199
2026-09-28T20:07:29.799+00:00,ospf,rev,695,OK,0.177
2026-09-28T20:07:30.003+00:00,ospf,rev,696,OK,0.107
2026-09-28T20:07:30.207+00:00,ospf,rev,697,OK,0.121
2026-09-28T20:07:30.411+00:00,ospf,rev,698,OK,0.096
2026-09-28T20:07:30.619+00:00,ospf,rev,699,OK,0.141
2026-09-28T20:07:30.823+00:00,ospf,rev,700,OK,0.139
2026-09-28T20:07:31.027+00:00,ospf,rev,701,OK,0.131
2026-09-28T20:07:31.231+00:00,ospf,rev,702,OK,0.226
2026-09-28T20:07:31.435+00:00,ospf,rev,703,OK,0.119
2026-09-28T20:07:31.643+00:00,ospf,rev,704,OK,0.092
2026-09-28T20:07:31.849+00:00,ospf,rev,705,OK,0.125
2026-09-28T20:07:32.051+00:00,ospf,rev,706,OK,0.081
2026-09-28T20:07:32.255+00:00,ospf,rev,707,OK,0.096
2026-09-28T20:07:32.459+00:00,ospf,rev,708,OK,0.137
2026-09-28T20:07:32.663+00:00,ospf,rev,709,OK,0.153
2026-09-28T20:07:32.867+00:00,ospf,rev,710,OK,0.101
2026-09-28T20:07:33.071+00:00,ospf,rev,711,OK,0.127
2026-09-28T20:07:33.279+00:00,ospf,rev,712,OK,0.181
2026-09-28T20:07:33.483+00:00,ospf,rev,713,OK,0.137
2026-09-28T20:07:33.688+00:00,ospf,rev,714,OK,0.185
2026-09-28T20:07:33.892+00:00,ospf,rev,715,OK,0.611
2026-09-28T20:07:34.092+00:00,ospf,rev,716,OK,0.176
2026-09-28T20:07:34.299+00:00,ospf,rev,717,OK,0.189
2026-09-28T20:07:34.503+00:00,ospf,rev,718,OK,0.146
2026-09-28T20:07:34.707+00:00,ospf,rev,719,OK,0.221
2026-09-28T20:07:34.911+00:00,ospf,rev,720,OK,0.128
2026-09-28T20:07:35.115+00:00,ospf,rev,721,OK,0.097
2026-09-28T20:07:35.319+00:00,ospf,rev,722,OK,0.095
2026-09-28T20:07:35.523+00:00,ospf,rev,723,OK,0.234
2026-09-28T20:07:35.727+00:00,ospf,rev,724,OK,0.095
2026-09-28T20:07:35.931+00:00,ospf,rev,725,OK,0.095
2026-09-28T20:07:36.135+00:00,ospf,rev,726,OK,0.132
2026-09-28T20:07:36.339+00:00,ospf,rev,727,OK,0.094
2026-09-28T20:07:36.543+00:00,ospf,rev,728,OK,0.216
2026-09-28T20:07:36.747+00:00,ospf,rev,729,OK,0.152
2026-09-28T20:07:36.951+00:00,ospf,rev,730,OK,0.116
2026-09-28T20:07:37.156+00:00,ospf,rev,731,OK,0.197
2026-09-28T20:07:37.363+00:00,ospf,rev,732,OK,0.111
2026-09-28T20:07:37.567+00:00,ospf,rev,733,OK,0.143
2026-09-28T20:07:37.771+00:00,ospf,rev,734,OK,0.119
2026-09-28T20:07:37.975+00:00,ospf,rev,735,OK,0.095
2026-09-28T20:07:38.179+00:00,ospf,rev,736,OK,0.119
2026-09-28T20:07:38.383+00:00,ospf,rev,737,OK,0.081
2026-09-28T20:07:38.587+00:00,ospf,rev,738,OK,0.138
2026-09-28T20:07:38.791+00:00,ospf,rev,739,OK,0.125
2026-09-28T20:07:38.995+00:00,ospf,rev,740,OK,0.151
2026-09-28T20:07:39.199+00:00,ospf,rev,741,OK,0.180
2026-09-28T20:07:39.403+00:00,ospf,rev,742,OK,0.167
2026-09-28T20:07:39.607+00:00,ospf,rev,743,OK,0.159
2026-09-28T20:07:39.838+00:00,ospf,rev,744,OK,0.231
2026-09-28T20:07:40.039+00:00,ospf,rev,745,OK,0.132
2026-09-28T20:07:40.243+00:00,ospf,rev,746,OK,0.173
2026-09-28T20:07:40.447+00:00,ospf,rev,747,OK,0.192
2026-09-28T20:07:40.651+00:00,ospf,rev,748,OK,0.116
2026-09-28T20:07:40.859+00:00,ospf,rev,749,OK,0.205
2026-09-28T20:07:41.063+00:00,ospf,rev,750,OK,0.167
2026-09-28T20:07:41.271+00:00,ospf,rev,751,OK,0.192
2026-09-28T20:07:41.475+00:00,ospf,rev,752,OK,0.172
2026-09-28T20:07:41.679+00:00,ospf,rev,753,OK,0.185
2026-09-28T20:07:41.883+00:00,ospf,rev,754,OK,0.173
2026-09-28T20:07:42.087+00:00,ospf,rev,755,OK,0.458
2026-09-28T20:07:42.291+00:00,ospf,rev,756,OK,0.124
2026-09-28T20:07:42.495+00:00,ospf,rev,757,OK,0.106
2026-09-28T20:07:42.699+00:00,ospf,rev,758,OK,0.148
2026-09-28T20:07:42.903+00:00,ospf,rev,759,OK,0.122
2026-09-28T20:07:43.107+00:00,ospf,rev,760,OK,0.138
2026-09-28T20:07:43.315+00:00,ospf,rev,761,OK,0.151
2026-09-28T20:07:43.519+00:00,ospf,rev,762,OK,0.099
2026-09-28T20:07:43.727+00:00,ospf,rev,763,OK,0.166
2026-09-28T20:07:43.931+00:00,ospf,rev,764,OK,0.177
2026-09-28T20:07:44.135+00:00,ospf,rev,765,OK,0.149
2026-09-28T20:07:44.339+00:00,ospf,rev,766,OK,0.155
2026-09-28T20:07:44.543+00:00,ospf,rev,767,OK,0.223
2026-09-28T20:07:44.748+00:00,ospf,rev,768,OK,0.201
2026-09-28T20:07:44.956+00:00,ospf,rev,769,OK,0.107
2026-09-28T20:07:45.163+00:00,ospf,rev,770,OK,0.159
2026-09-28T20:07:45.367+00:00,ospf,rev,771,OK,0.102
2026-09-28T20:07:45.571+00:00,ospf,rev,772,OK,0.136
2026-09-28T20:07:45.775+00:00,ospf,rev,773,OK,0.159
2026-09-28T20:07:45.979+00:00,ospf,rev,774,OK,0.171
2026-09-28T20:07:46.183+00:00,ospf,rev,775,OK,0.223
2026-09-28T20:07:46.387+00:00,ospf,rev,776,OK,0.123
2026-09-28T20:07:46.591+00:00,ospf,rev,777,OK,0.105
2026-09-28T20:07:46.795+00:00,ospf,rev,778,OK,0.148
2026-09-28T20:07:46.999+00:00,ospf,rev,779,OK,0.107
2026-09-28T20:07:47.203+00:00,ospf,rev,780,OK,0.122
2026-09-28T20:07:47.407+00:00,ospf,rev,781,OK,0.091
2026-09-28T20:07:47.611+00:00,ospf,rev,782,OK,0.123
2026-09-28T20:07:47.815+00:00,ospf,rev,783,OK,0.123
2026-09-28T20:07:48.019+00:00,ospf,rev,784,OK,0.132
2026-09-28T20:07:48.223+00:00,ospf,rev,785,OK,0.111
2026-09-28T20:07:48.431+00:00,ospf,rev,786,OK,0.135
2026-09-28T20:07:48.639+00:00,ospf,rev,787,OK,0.186
2026-09-28T20:07:48.843+00:00,ospf,rev,788,OK,0.191
2026-09-28T20:07:49.047+00:00,ospf,rev,789,OK,0.139
2026-09-28T20:07:49.251+00:00,ospf,rev,790,OK,0.185
2026-09-28T20:07:49.455+00:00,ospf,rev,791,OK,0.203
2026-09-28T20:07:49.663+00:00,ospf,rev,792,OK,0.132
2026-09-28T20:07:49.871+00:00,ospf,rev,793,OK,0.143
2026-09-28T20:07:50.075+00:00,ospf,rev,794,OK,0.150
2026-09-28T20:07:50.279+00:00,ospf,rev,795,OK,0.165
2026-09-28T20:07:50.483+00:00,ospf,rev,796,OK,0.199
2026-09-28T20:07:50.688+00:00,ospf,rev,797,OK,0.646
2026-09-28T20:07:50.891+00:00,ospf,rev,798,OK,0.112
2026-09-28T20:07:51.095+00:00,ospf,rev,799,OK,0.128
2026-09-28T20:07:51.299+00:00,ospf,rev,800,OK,0.116
2026-09-28T20:07:51.503+00:00,ospf,rev,801,OK,0.100
2026-09-28T20:07:51.709+00:00,ospf,rev,802,OK,0.148
2026-09-28T20:07:51.911+00:00,ospf,rev,803,OK,0.174
2026-09-28T20:07:52.115+00:00,ospf,rev,804,OK,0.095
2026-09-28T20:07:52.319+00:00,ospf,rev,805,OK,0.088
2026-09-28T20:07:52.523+00:00,ospf,rev,806,OK,0.108
2026-09-28T20:07:52.727+00:00,ospf,rev,807,OK,0.143
2026-09-28T20:07:52.931+00:00,ospf,rev,808,OK,0.154
2026-09-28T20:07:53.136+00:00,ospf,rev,809,OK,0.190
2026-09-28T20:07:53.339+00:00,ospf,rev,810,OK,0.181
2026-09-28T20:07:53.543+00:00,ospf,rev,811,OK,0.184
2026-09-28T20:07:53.747+00:00,ospf,rev,812,OK,0.101
2026-09-28T20:07:53.951+00:00,ospf,rev,813,OK,0.216
2026-09-28T20:07:54.155+00:00,ospf,rev,814,OK,0.279
2026-09-28T20:07:54.359+00:00,ospf,rev,815,OK,0.088
2026-09-28T20:07:54.563+00:00,ospf,rev,816,OK,0.131
2026-09-28T20:07:54.767+00:00,ospf,rev,817,OK,0.130
2026-09-28T20:07:54.971+00:00,ospf,rev,818,OK,0.140
2026-09-28T20:07:55.175+00:00,ospf,rev,819,OK,0.187
2026-09-28T20:07:55.379+00:00,ospf,rev,820,OK,0.131
2026-09-28T20:07:55.587+00:00,ospf,rev,821,OK,0.136
2026-09-28T20:07:55.791+00:00,ospf,rev,822,OK,0.171
2026-09-28T20:07:55.999+00:00,ospf,rev,823,OK,0.183
2026-09-28T20:07:56.203+00:00,ospf,rev,824,OK,0.176
2026-09-28T20:07:56.411+00:00,ospf,rev,825,OK,0.210
2026-09-28T20:07:56.615+00:00,ospf,rev,826,OK,0.193
2026-09-28T20:07:56.819+00:00,ospf,rev,827,OK,0.212
2026-09-28T20:07:57.028+00:00,ospf,rev,828,OK,1.12
2026-09-28T20:07:57.228+00:00,ospf,rev,829,OK,0.135
2026-09-28T20:07:57.431+00:00,ospf,rev,830,OK,0.153
2026-09-28T20:07:57.635+00:00,ospf,rev,831,OK,0.105
2026-09-28T20:07:57.839+00:00,ospf,rev,832,OK,0.219
2026-09-28T20:07:58.043+00:00,ospf,rev,833,OK,0.138
2026-09-28T20:07:58.247+00:00,ospf,rev,834,OK,0.139
2026-09-28T20:07:58.451+00:00,ospf,rev,835,OK,0.147
2026-09-28T20:07:58.655+00:00,ospf,rev,836,OK,0.175
2026-09-28T20:07:58.859+00:00,ospf,rev,837,OK,0.151
2026-09-28T20:07:59.063+00:00,ospf,rev,838,OK,0.160
2026-09-28T20:07:59.268+00:00,ospf,rev,839,OK,0.138
2026-09-28T20:07:59.471+00:00,ospf,rev,840,OK,0.188
2026-09-28T20:07:59.675+00:00,ospf,rev,841,OK,0.183
2026-09-28T20:07:59.879+00:00,ospf,rev,842,OK,0.138
2026-09-28T20:08:00.083+00:00,ospf,rev,843,OK,0.108
2026-09-28T20:08:00.287+00:00,ospf,rev,844,OK,0.122
2026-09-28T20:08:00.491+00:00,ospf,rev,845,OK,0.181
2026-09-28T20:08:00.695+00:00,ospf,rev,846,OK,0.150
2026-09-28T20:08:00.899+00:00,ospf,rev,847,OK,0.122
2026-09-28T20:08:01.103+00:00,ospf,rev,848,OK,0.130
2026-09-28T20:08:01.308+00:00,ospf,rev,849,OK,0.119
2026-09-28T20:08:01.511+00:00,ospf,rev,850,OK,0.191
2026-09-28T20:08:01.715+00:00,ospf,rev,851,OK,0.098
2026-09-28T20:08:01.919+00:00,ospf,rev,852,OK,0.111
2026-09-28T20:08:02.123+00:00,ospf,rev,853,OK,0.120
2026-09-28T20:08:02.327+00:00,ospf,rev,854,OK,0.098
2026-09-28T20:08:02.531+00:00,ospf,rev,855,OK,0.114
2026-09-28T20:08:02.735+00:00,ospf,rev,856,OK,0.111
2026-09-28T20:08:02.939+00:00,ospf,rev,857,OK,0.119
2026-09-28T20:08:03.143+00:00,ospf,rev,858,OK,0.139
2026-09-28T20:08:03.347+00:00,ospf,rev,859,OK,0.097
2026-09-28T20:08:03.555+00:00,ospf,rev,860,OK,0.159
2026-09-28T20:08:03.759+00:00,ospf,rev,861,OK,0.136
2026-09-28T20:08:03.964+00:00,ospf,rev,862,OK,0.131
2026-09-28T20:08:04.167+00:00,ospf,rev,863,OK,0.213
2026-09-28T20:08:04.375+00:00,ospf,rev,864,OK,0.129
2026-09-28T20:08:04.580+00:00,ospf,rev,865,OK,0.176
2026-09-28T20:08:04.783+00:00,ospf,rev,866,OK,0.166
2026-09-28T20:08:04.991+00:00,ospf,rev,867,OK,0.122
2026-09-28T20:08:05.195+00:00,ospf,rev,868,OK,0.128
2026-09-28T20:08:05.399+00:00,ospf,rev,869,OK,0.110
2026-09-28T20:08:05.603+00:00,ospf,rev,870,OK,0.123
2026-09-28T20:08:05.807+00:00,ospf,rev,871,OK,0.094
2026-09-28T20:08:06.011+00:00,ospf,rev,872,OK,0.139
2026-09-28T20:08:06.219+00:00,ospf,rev,873,OK,0.256
2026-09-28T20:08:06.423+00:00,ospf,rev,874,OK,0.162
2026-09-28T20:08:06.627+00:00,ospf,rev,875,OK,0.122
2026-09-28T20:08:06.835+00:00,ospf,rev,876,OK,0.175
2026-09-28T20:08:07.040+00:00,ospf,rev,877,OK,0.168
2026-09-28T20:08:07.243+00:00,ospf,rev,878,OK,0.115
2026-09-28T20:08:07.447+00:00,ospf,rev,879,OK,0.121
2026-09-28T20:08:07.651+00:00,ospf,rev,880,OK,0.108
2026-09-28T20:08:07.855+00:00,ospf,rev,881,OK,0.119
2026-09-28T20:08:08.059+00:00,ospf,rev,882,OK,0.106
2026-09-28T20:08:08.263+00:00,ospf,rev,883,OK,0.162
2026-09-28T20:08:08.468+00:00,ospf,rev,884,OK,0.246
2026-09-28T20:08:08.671+00:00,ospf,rev,885,OK,0.117
2026-09-28T20:08:08.875+00:00,ospf,rev,886,OK,0.111
2026-09-28T20:08:09.079+00:00,ospf,rev,887,OK,0.092
2026-09-28T20:08:09.283+00:00,ospf,rev,888,OK,0.099
2026-09-28T20:08:09.487+00:00,ospf,rev,889,OK,0.107
2026-09-28T20:08:09.695+00:00,ospf,rev,890,OK,0.135
2026-09-28T20:08:09.899+00:00,ospf,rev,891,OK,0.163
2026-09-28T20:08:10.103+00:00,ospf,rev,892,OK,0.112
2026-09-28T20:08:10.311+00:00,ospf,rev,893,OK,0.164
2026-09-28T20:08:10.520+00:00,ospf,rev,894,OK,3.59
2026-09-28T20:08:10.718+00:00,ospf,rev,895,OK,0.154
2026-09-28T20:08:10.919+00:00,ospf,rev,896,OK,0.181
2026-09-28T20:08:11.123+00:00,ospf,rev,897,OK,0.176
2026-09-28T20:08:11.327+00:00,ospf,rev,898,OK,0.200
2026-09-28T20:08:11.531+00:00,ospf,rev,899,OK,0.192
2026-09-28T20:08:11.739+00:00,ospf,rev,900,OK,0.212
2026-09-28T20:08:11.947+00:00,ospf,rev,901,OK,0.184
2026-09-28T20:08:12.151+00:00,ospf,rev,902,OK,0.172
2026-09-28T20:08:12.355+00:00,ospf,rev,903,OK,0.107
2026-09-28T20:08:12.563+00:00,ospf,rev,904,OK,0.195
2026-09-28T20:08:12.768+00:00,ospf,rev,905,OK,0.205
2026-09-28T20:08:12.971+00:00,ospf,rev,906,OK,0.165
2026-09-28T20:08:13.175+00:00,ospf,rev,907,OK,0.202
2026-09-28T20:08:13.379+00:00,ospf,rev,908,OK,0.098
2026-09-28T20:08:13.583+00:00,ospf,rev,909,OK,0.126
2026-09-28T20:08:13.787+00:00,ospf,rev,910,OK,0.135
2026-09-28T20:08:13.991+00:00,ospf,rev,911,OK,0.124
2026-09-28T20:08:14.195+00:00,ospf,rev,912,OK,0.139
2026-09-28T20:08:14.399+00:00,ospf,rev,913,OK,0.119
2026-09-28T20:08:14.603+00:00,ospf,rev,914,OK,0.114
2026-09-28T20:08:14.811+00:00,ospf,rev,915,OK,0.108
2026-09-28T20:08:15.015+00:00,ospf,rev,916,OK,0.262
2026-09-28T20:08:15.219+00:00,ospf,rev,917,OK,0.179
2026-09-28T20:08:15.423+00:00,ospf,rev,918,OK,0.138
2026-09-28T20:08:15.627+00:00,ospf,rev,919,OK,0.175
2026-09-28T20:08:15.831+00:00,ospf,rev,920,OK,0.170
2026-09-28T20:08:16.035+00:00,ospf,rev,921,OK,0.161
2026-09-28T20:08:16.239+00:00,ospf,rev,922,OK,0.144
2026-09-28T20:08:16.443+00:00,ospf,rev,923,OK,0.130
2026-09-28T20:08:16.647+00:00,ospf,rev,924,OK,0.147
2026-09-28T20:08:16.851+00:00,ospf,rev,925,OK,0.128
2026-09-28T20:08:17.055+00:00,ospf,rev,926,OK,0.170
2026-09-28T20:08:17.259+00:00,ospf,rev,927,OK,0.167
2026-09-28T20:08:17.463+00:00,ospf,rev,928,OK,0.150
2026-09-28T20:08:17.667+00:00,ospf,rev,929,OK,0.181
2026-09-28T20:08:17.875+00:00,ospf,rev,930,OK,0.179
2026-09-28T20:08:18.081+00:00,ospf,rev,931,OK,0.192
2026-09-28T20:08:18.283+00:00,ospf,rev,932,OK,0.203
2026-09-28T20:08:18.489+00:00,ospf,rev,933,OK,0.193
2026-09-28T20:08:18.691+00:00,ospf,rev,934,OK,0.168
2026-09-28T20:08:18.899+00:00,ospf,rev,935,OK,0.134
2026-09-28T20:08:19.103+00:00,ospf,rev,936,OK,0.133
2026-09-28T20:08:19.308+00:00,ospf,rev,937,OK,0.476
2026-09-28T20:08:19.511+00:00,ospf,rev,938,OK,0.106
2026-09-28T20:08:19.715+00:00,ospf,rev,939,OK,0.130
2026-09-28T20:08:19.919+00:00,ospf,rev,940,OK,0.153
2026-09-28T20:08:20.123+00:00,ospf,rev,941,OK,0.112
2026-09-28T20:08:20.327+00:00,ospf,rev,942,OK,0.102
2026-09-28T20:08:20.531+00:00,ospf,rev,943,OK,0.109
2026-09-28T20:08:20.739+00:00,ospf,rev,944,OK,0.162
2026-09-28T20:08:20.943+00:00,ospf,rev,945,OK,0.208
2026-09-28T20:08:21.147+00:00,ospf,rev,946,OK,0.219
2026-09-28T20:08:21.351+00:00,ospf,rev,947,OK,0.184
2026-09-28T20:08:21.555+00:00,ospf,rev,948,OK,0.190
2026-09-28T20:08:21.759+00:00,ospf,rev,949,OK,0.142
2026-09-28T20:08:21.963+00:00,ospf,rev,950,OK,0.109
2026-09-28T20:08:22.167+00:00,ospf,rev,951,OK,0.180
2026-09-28T20:08:22.371+00:00,ospf,rev,952,OK,0.109
2026-09-28T20:08:22.575+00:00,ospf,rev,953,OK,0.104
2026-09-28T20:08:22.779+00:00,ospf,rev,954,OK,0.093
2026-09-28T20:08:22.983+00:00,ospf,rev,955,OK,0.091
2026-09-28T20:08:23.187+00:00,ospf,rev,956,OK,0.195
2026-09-28T20:08:23.392+00:00,ospf,rev,957,OK,0.172
2026-09-28T20:08:23.595+00:00,ospf,rev,958,OK,0.190
2026-09-28T20:08:23.799+00:00,ospf,rev,959,OK,0.149
2026-09-28T20:08:24.003+00:00,ospf,rev,960,OK,0.236
2026-09-28T20:08:24.211+00:00,ospf,rev,961,OK,0.137
2026-09-28T20:08:24.415+00:00,ospf,rev,962,OK,0.122
2026-09-28T20:08:24.619+00:00,ospf,rev,963,OK,0.120
2026-09-28T20:08:24.823+00:00,ospf,rev,964,OK,0.142
2026-09-28T20:08:25.027+00:00,ospf,rev,965,OK,0.131
2026-09-28T20:08:25.231+00:00,ospf,rev,966,OK,0.133
2026-09-28T20:08:25.435+00:00,ospf,rev,967,OK,0.146
2026-09-28T20:08:25.639+00:00,ospf,rev,968,OK,0.161
2026-09-28T20:08:25.843+00:00,ospf,rev,969,OK,0.200
2026-09-28T20:08:26.047+00:00,ospf,rev,970,OK,0.179
2026-09-28T20:08:26.252+00:00,ospf,rev,971,OK,0.196
2026-09-28T20:08:26.459+00:00,ospf,rev,972,OK,0.185
2026-09-28T20:08:26.667+00:00,ospf,rev,973,OK,0.178
2026-09-28T20:08:26.871+00:00,ospf,rev,974,OK,0.122
2026-09-28T20:08:27.075+00:00,ospf,rev,975,OK,0.150
2026-09-28T20:08:27.279+00:00,ospf,rev,976,OK,0.084
2026-09-28T20:08:27.483+00:00,ospf,rev,977,OK,0.130
2026-09-28T20:08:27.687+00:00,ospf,rev,978,OK,0.083
2026-09-28T20:08:27.891+00:00,ospf,rev,979,OK,0.115
2026-09-28T20:08:28.095+00:00,ospf,rev,980,OK,0.111
2026-09-28T20:08:28.299+00:00,ospf,rev,981,OK,0.101
2026-09-28T20:08:28.503+00:00,ospf,rev,982,OK,0.094
2026-09-28T20:08:28.707+00:00,ospf,rev,983,OK,0.086
2026-09-28T20:08:28.911+00:00,ospf,rev,984,OK,0.234
2026-09-28T20:08:29.115+00:00,ospf,rev,985,OK,0.096
2026-09-28T20:08:29.319+00:00,ospf,rev,986,OK,0.118
2026-09-28T20:08:29.523+00:00,ospf,rev,987,OK,0.123
2026-09-28T20:08:29.727+00:00,ospf,rev,988,OK,0.118
2026-09-28T20:08:29.931+00:00,ospf,rev,989,OK,0.123
2026-09-28T20:08:30.135+00:00,ospf,rev,990,OK,0.094
2026-09-28T20:08:30.339+00:00,ospf,rev,991,OK,0.096
2026-09-28T20:08:30.543+00:00,ospf,rev,992,OK,0.106
2026-09-28T20:08:30.747+00:00,ospf,rev,993,OK,0.094
2026-09-28T20:08:30.951+00:00,ospf,rev,994,OK,0.175
2026-09-28T20:08:31.156+00:00,ospf,rev,995,OK,0.211
2026-09-28T20:08:31.363+00:00,ospf,rev,996,OK,0.142
2026-09-28T20:08:31.567+00:00,ospf,rev,997,OK,0.136
2026-09-28T20:08:31.771+00:00,ospf,rev,998,OK,0.165
2026-09-28T20:08:31.979+00:00,ospf,rev,999,OK,0.154
2026-09-28T20:08:32.183+00:00,ospf,rev,1000,OK,0.141
2026-09-28T20:08:32.387+00:00,ospf,rev,1001,OK,0.135
2026-09-28T20:08:32.591+00:00,ospf,rev,1002,OK,0.160
2026-09-28T20:08:32.795+00:00,ospf,rev,1003,OK,0.117
2026-09-28T20:08:32.999+00:00,ospf,rev,1004,OK,0.151
2026-09-28T20:08:33.203+00:00,ospf,rev,1005,OK,0.177
2026-09-28T20:08:33.411+00:00,ospf,rev,1006,OK,0.229
2026-09-28T20:08:33.615+00:00,ospf,rev,1007,OK,0.237
2026-09-28T20:08:33.819+00:00,ospf,rev,1008,OK,0.177
2026-09-28T20:08:34.023+00:00,ospf,rev,1009,OK,0.176
2026-09-28T20:08:34.227+00:00,ospf,rev,1010,OK,0.187
2026-09-28T20:08:34.435+00:00,ospf,rev,1011,OK,0.116
2026-09-28T20:08:34.639+00:00,ospf,rev,1012,OK,0.121
2026-09-28T20:08:34.843+00:00,ospf,rev,1013,OK,0.203
2026-09-28T20:08:35.047+00:00,ospf,rev,1014,OK,0.194
2026-09-28T20:08:35.251+00:00,ospf,rev,1015,OK,0.094
2026-09-28T20:08:35.455+00:00,ospf,rev,1016,OK,0.094
2026-09-28T20:08:35.659+00:00,ospf,rev,1017,OK,0.080
2026-09-28T20:08:35.863+00:00,ospf,rev,1018,OK,0.129
2026-09-28T20:08:36.067+00:00,ospf,rev,1019,OK,0.164
2026-09-28T20:08:36.271+00:00,ospf,rev,1020,OK,0.133
2026-09-28T20:08:36.475+00:00,ospf,rev,1021,OK,0.086
2026-09-28T20:08:36.683+00:00,ospf,rev,1022,OK,0.174
2026-09-28T20:08:36.887+00:00,ospf,rev,1023,OK,0.160
2026-09-28T20:08:37.091+00:00,ospf,rev,1024,OK,0.188
2026-09-28T20:08:37.295+00:00,ospf,rev,1025,OK,0.095
2026-09-28T20:08:37.499+00:00,ospf,rev,1026,OK,0.092
2026-09-28T20:08:37.703+00:00,ospf,rev,1027,OK,0.093
2026-09-28T20:08:37.908+00:00,ospf,rev,1028,OK,0.251
2026-09-28T20:08:38.111+00:00,ospf,rev,1029,OK,0.104
2026-09-28T20:08:38.315+00:00,ospf,rev,1030,OK,0.171
2026-09-28T20:08:38.519+00:00,ospf,rev,1031,OK,0.083
2026-09-28T20:08:38.723+00:00,ospf,rev,1032,OK,0.085
2026-09-28T20:08:38.928+00:00,ospf,rev,1033,OK,0.498
2026-09-28T20:08:39.131+00:00,ospf,rev,1034,OK,0.086
2026-09-28T20:08:39.335+00:00,ospf,rev,1035,OK,0.130
2026-09-28T20:08:39.539+00:00,ospf,rev,1036,OK,0.134
2026-09-28T20:08:39.747+00:00,ospf,rev,1037,OK,0.141
2026-09-28T20:08:39.955+00:00,ospf,rev,1038,OK,0.149
2026-09-28T20:08:40.159+00:00,ospf,rev,1039,OK,0.172
2026-09-28T20:08:40.363+00:00,ospf,rev,1040,OK,0.118
2026-09-28T20:08:40.567+00:00,ospf,rev,1041,OK,0.127
2026-09-28T20:08:40.771+00:00,ospf,rev,1042,OK,0.142
2026-09-28T20:08:40.979+00:00,ospf,rev,1043,OK,0.190
2026-09-28T20:08:41.187+00:00,ospf,rev,1044,OK,0.200
2026-09-28T20:08:41.391+00:00,ospf,rev,1045,OK,0.201
2026-09-28T20:08:41.599+00:00,ospf,rev,1046,OK,0.210
2026-09-28T20:08:41.803+00:00,ospf,rev,1047,OK,0.189
2026-09-28T20:08:42.007+00:00,ospf,rev,1048,OK,0.182
2026-09-28T20:08:42.211+00:00,ospf,rev,1049,OK,0.174
2026-09-28T20:08:42.415+00:00,ospf,rev,1050,OK,0.181
2026-09-28T20:08:42.619+00:00,ospf,rev,1051,OK,0.108
2026-09-28T20:08:42.823+00:00,ospf,rev,1052,OK,0.145
2026-09-28T20:08:43.027+00:00,ospf,rev,1053,OK,0.164
2026-09-28T20:08:43.231+00:00,ospf,rev,1054,OK,0.184
2026-09-28T20:08:43.435+00:00,ospf,rev,1055,OK,0.158
2026-09-28T20:08:43.639+00:00,ospf,rev,1056,OK,0.166
2026-09-28T20:08:43.843+00:00,ospf,rev,1057,OK,0.138
2026-09-28T20:08:44.047+00:00,ospf,rev,1058,OK,0.196
2026-09-28T20:08:44.256+00:00,ospf,rev,1059,OK,0.187
2026-09-28T20:08:44.459+00:00,ospf,rev,1060,OK,0.149
2026-09-28T20:08:44.667+00:00,ospf,rev,1061,OK,0.133
2026-09-28T20:08:44.871+00:00,ospf,rev,1062,OK,0.110
2026-09-28T20:08:45.075+00:00,ospf,rev,1063,OK,0.092
2026-09-28T20:08:45.279+00:00,ospf,rev,1064,OK,0.123
2026-09-28T20:08:45.483+00:00,ospf,rev,1065,OK,0.163
2026-09-28T20:08:45.687+00:00,ospf,rev,1066,OK,0.096
2026-09-28T20:08:45.891+00:00,ospf,rev,1067,OK,0.148
2026-09-28T20:08:46.095+00:00,ospf,rev,1068,OK,0.130
2026-09-28T20:08:46.299+00:00,ospf,rev,1069,OK,0.115
2026-09-28T20:08:46.503+00:00,ospf,rev,1070,OK,0.159
2026-09-28T20:08:46.707+00:00,ospf,rev,1071,OK,0.103
2026-09-28T20:08:46.911+00:00,ospf,rev,1072,OK,0.098
2026-09-28T20:08:47.115+00:00,ospf,rev,1073,OK,0.129
2026-09-28T20:08:47.319+00:00,ospf,rev,1074,OK,0.088
2026-09-28T20:08:47.523+00:00,ospf,rev,1075,OK,0.098
2026-09-28T20:08:47.731+00:00,ospf,rev,1076,OK,0.178
2026-09-28T20:08:47.935+00:00,ospf,rev,1077,OK,0.184
2026-09-28T20:08:48.139+00:00,ospf,rev,1078,OK,0.215
2026-09-28T20:08:48.343+00:00,ospf,rev,1079,OK,0.182
2026-09-28T20:08:48.547+00:00,ospf,rev,1080,OK,0.192
2026-09-28T20:08:48.751+00:00,ospf,rev,1081,OK,0.142
2026-09-28T20:08:48.955+00:00,ospf,rev,1082,OK,0.155
2026-09-28T20:08:49.159+00:00,ospf,rev,1083,OK,0.195
2026-09-28T20:08:49.363+00:00,ospf,rev,1084,OK,0.089
2026-09-28T20:08:49.567+00:00,ospf,rev,1085,OK,0.096
2026-09-28T20:08:49.771+00:00,ospf,rev,1086,OK,0.107
2026-09-28T20:08:49.975+00:00,ospf,rev,1087,OK,0.140
2026-09-28T20:08:50.183+00:00,ospf,rev,1088,OK,0.171
2026-09-28T20:08:50.391+00:00,ospf,rev,1089,OK,0.124
2026-09-28T20:08:50.595+00:00,ospf,rev,1090,OK,0.095
2026-09-28T20:08:50.803+00:00,ospf,rev,1091,OK,0.096
2026-09-28T20:08:51.007+00:00,ospf,rev,1092,OK,0.106
2026-09-28T20:08:51.211+00:00,ospf,rev,1093,OK,0.197
2026-09-28T20:08:51.419+00:00,ospf,rev,1094,OK,0.142
2026-09-28T20:08:51.623+00:00,ospf,rev,1095,OK,0.116
2026-09-28T20:08:51.831+00:00,ospf,rev,1096,OK,0.189
2026-09-28T20:08:52.035+00:00,ospf,rev,1097,OK,0.115
2026-09-28T20:08:52.239+00:00,ospf,rev,1098,OK,0.103
2026-09-28T20:08:52.443+00:00,ospf,rev,1099,OK,0.129
2026-09-28T20:08:52.647+00:00,ospf,rev,1100,OK,0.111
2026-09-28T20:08:52.851+00:00,ospf,rev,1101,OK,0.125
2026-09-28T20:08:53.055+00:00,ospf,rev,1102,OK,0.120
2026-09-28T20:08:53.259+00:00,ospf,rev,1103,OK,0.137
2026-09-28T20:08:53.463+00:00,ospf,rev,1104,OK,0.155
2026-09-28T20:08:53.667+00:00,ospf,rev,1105,OK,0.149
2026-09-28T20:08:53.871+00:00,ospf,rev,1106,OK,0.178
2026-09-28T20:08:54.075+00:00,ospf,rev,1107,OK,0.136
2026-09-28T20:08:54.279+00:00,ospf,rev,1108,OK,0.085
2026-09-28T20:08:54.483+00:00,ospf,rev,1109,OK,0.092
2026-09-28T20:08:54.687+00:00,ospf,rev,1110,OK,0.185
2026-09-28T20:08:54.891+00:00,ospf,rev,1111,OK,0.164
2026-09-28T20:08:55.095+00:00,ospf,rev,1112,OK,0.166
2026-09-28T20:08:55.299+00:00,ospf,rev,1113,OK,0.127
2026-09-28T20:08:55.503+00:00,ospf,rev,1114,OK,0.197
2026-09-28T20:08:55.711+00:00,ospf,rev,1115,OK,0.153
2026-09-28T20:08:55.919+00:00,ospf,rev,1116,OK,0.170
2026-09-28T20:08:56.124+00:00,ospf,rev,1117,OK,0.161
2026-09-28T20:08:56.327+00:00,ospf,rev,1118,OK,0.149
2026-09-28T20:08:56.531+00:00,ospf,rev,1119,OK,0.089
2026-09-28T20:08:56.739+00:00,ospf,rev,1120,OK,0.129
2026-09-28T20:08:56.947+00:00,ospf,rev,1121,OK,0.135
2026-09-28T20:08:57.151+00:00,ospf,rev,1122,OK,0.265
2026-09-28T20:08:57.355+00:00,ospf,rev,1123,OK,0.096
2026-09-28T20:08:57.559+00:00,ospf,rev,1124,OK,0.091
2026-09-28T20:08:57.763+00:00,ospf,rev,1125,OK,0.147
2026-09-28T20:08:57.967+00:00,ospf,rev,1126,OK,0.179
2026-09-28T20:08:58.171+00:00,ospf,rev,1127,OK,0.185
2026-09-28T20:08:58.375+00:00,ospf,rev,1128,OK,0.092
2026-09-28T20:08:58.579+00:00,ospf,rev,1129,OK,0.084
2026-09-28T20:08:58.783+00:00,ospf,rev,1130,OK,0.098
2026-09-28T20:08:58.987+00:00,ospf,rev,1131,OK,0.086
2026-09-28T20:08:59.191+00:00,ospf,rev,1132,OK,0.172
2026-09-28T20:08:59.395+00:00,ospf,rev,1133,OK,0.106
2026-09-28T20:08:59.599+00:00,ospf,rev,1134,OK,0.085
2026-09-28T20:08:59.803+00:00,ospf,rev,1135,OK,0.135
2026-09-28T20:09:00.007+00:00,ospf,rev,1136,OK,0.144
2026-09-28T20:09:00.215+00:00,ospf,rev,1137,OK,0.159
2026-09-28T20:09:00.419+00:00,ospf,rev,1138,OK,0.088
2026-09-28T20:09:00.623+00:00,ospf,rev,1139,OK,0.084
2026-09-28T20:09:00.827+00:00,ospf,rev,1140,OK,0.108
2026-09-28T20:09:01.031+00:00,ospf,rev,1141,OK,0.115
2026-09-28T20:09:01.239+00:00,ospf,rev,1142,OK,0.126
2026-09-28T20:09:01.443+00:00,ospf,rev,1143,OK,0.129
2026-09-28T20:09:01.647+00:00,ospf,rev,1144,OK,0.169
2026-09-28T20:09:01.851+00:00,ospf,rev,1145,OK,0.123
2026-09-28T20:09:02.055+00:00,ospf,rev,1146,OK,0.167
2026-09-28T20:09:02.259+00:00,ospf,rev,1147,OK,0.152
2026-09-28T20:09:02.463+00:00,ospf,rev,1148,OK,0.183
2026-09-28T20:09:02.671+00:00,ospf,rev,1149,OK,0.123
2026-09-28T20:09:02.875+00:00,ospf,rev,1150,OK,0.145
2026-09-28T20:09:03.080+00:00,ospf,rev,1151,OK,0.466
2026-09-28T20:09:03.283+00:00,ospf,rev,1152,OK,0.191
2026-09-28T20:09:03.487+00:00,ospf,rev,1153,OK,0.158
2026-09-28T20:09:03.691+00:00,ospf,rev,1154,OK,0.150
2026-09-28T20:09:03.895+00:00,ospf,rev,1155,OK,0.122
2026-09-28T20:09:04.099+00:00,ospf,rev,1156,OK,0.136
2026-09-28T20:09:04.303+00:00,ospf,rev,1157,OK,0.134
2026-09-28T20:09:04.507+00:00,ospf,rev,1158,OK,0.127
2026-09-28T20:09:04.711+00:00,ospf,rev,1159,OK,0.150
2026-09-28T20:09:04.915+00:00,ospf,rev,1160,OK,0.131
2026-09-28T20:09:05.119+00:00,ospf,rev,1161,OK,0.097
2026-09-28T20:09:05.327+00:00,ospf,rev,1162,OK,0.180
2026-09-28T20:09:05.527+00:00,ospf,rev,1163,OK,0.148
2026-09-28T20:09:05.731+00:00,ospf,rev,1164,OK,0.183
2026-09-28T20:09:05.939+00:00,ospf,rev,1165,OK,0.180
2026-09-28T20:09:06.143+00:00,ospf,rev,1166,OK,0.142
2026-09-28T20:09:06.347+00:00,ospf,rev,1167,OK,0.097
2026-09-28T20:09:06.551+00:00,ospf,rev,1168,OK,0.083
2026-09-28T20:09:06.755+00:00,ospf,rev,1169,OK,0.094
2026-09-28T20:09:06.959+00:00,ospf,rev,1170,OK,0.144
2026-09-28T20:09:07.167+00:00,ospf,rev,1171,OK,0.196
2026-09-28T20:09:07.371+00:00,ospf,rev,1172,OK,0.104
2026-09-28T20:09:07.575+00:00,ospf,rev,1173,OK,0.118
2026-09-28T20:09:07.779+00:00,ospf,rev,1174,OK,0.089
2026-09-28T20:09:07.983+00:00,ospf,rev,1175,OK,0.095
2026-09-28T20:09:08.187+00:00,ospf,rev,1176,OK,0.182
2026-09-28T20:09:08.391+00:00,ospf,rev,1177,OK,0.131
2026-09-28T20:09:08.595+00:00,ospf,rev,1178,OK,0.084
2026-09-28T20:09:08.799+00:00,ospf,rev,1179,OK,0.077
2026-09-28T20:09:09.003+00:00,ospf,rev,1180,OK,0.121
2026-09-28T20:09:09.207+00:00,ospf,rev,1181,OK,0.111
2026-09-28T20:09:09.415+00:00,ospf,rev,1182,OK,0.186
2026-09-28T20:09:09.620+00:00,ospf,rev,1183,OK,0.188
2026-09-28T20:09:09.823+00:00,ospf,rev,1184,OK,0.187
2026-09-28T20:09:10.027+00:00,ospf,rev,1185,OK,0.185
2026-09-28T20:09:10.231+00:00,ospf,rev,1186,OK,0.181
2026-09-28T20:09:10.435+00:00,ospf,rev,1187,OK,0.193
2026-09-28T20:09:10.643+00:00,ospf,rev,1188,OK,0.092
2026-09-28T20:09:10.847+00:00,ospf,rev,1189,OK,0.114
2026-09-28T20:09:11.051+00:00,ospf,rev,1190,OK,0.096
2026-09-28T20:09:11.255+00:00,ospf,rev,1191,OK,0.084
2026-09-28T20:09:11.459+00:00,ospf,rev,1192,OK,0.081
2026-09-28T20:09:11.663+00:00,ospf,rev,1193,OK,0.089
2026-09-28T20:09:11.867+00:00,ospf,rev,1194,OK,0.193
2026-09-28T20:09:12.071+00:00,ospf,rev,1195,OK,0.130
2026-09-28T20:09:12.276+00:00,ospf,rev,1196,OK,0.147
2026-09-28T20:09:12.479+00:00,ospf,rev,1197,OK,0.166
2026-09-28T20:09:12.683+00:00,ospf,rev,1198,OK,0.199
2026-09-28T20:09:12.891+00:00,ospf,rev,1199,OK,0.148
2026-09-28T20:09:13.095+00:00,ospf,rev,1200,OK,0.105
2026-09-28T20:09:13.299+00:00,ospf,rev,1201,OK,0.126
2026-09-28T20:09:13.503+00:00,ospf,rev,1202,OK,0.119
2026-09-28T20:09:13.707+00:00,ospf,rev,1203,OK,0.098
2026-09-28T20:09:13.911+00:00,ospf,rev,1204,OK,0.112
2026-09-28T20:09:14.115+00:00,ospf,rev,1205,OK,0.189
2026-09-28T20:09:14.319+00:00,ospf,rev,1206,OK,0.175
2026-09-28T20:09:14.523+00:00,ospf,rev,1207,OK,0.108
2026-09-28T20:09:14.731+00:00,ospf,rev,1208,OK,0.126
2026-09-28T20:09:14.935+00:00,ospf,rev,1209,OK,0.184
2026-09-28T20:09:15.144+00:00,ospf,rev,1210,OK,0.164
2026-09-28T20:09:15.347+00:00,ospf,rev,1211,OK,0.092
2026-09-28T20:09:15.551+00:00,ospf,rev,1212,OK,0.089
2026-09-28T20:09:15.755+00:00,ospf,rev,1213,OK,0.088
2026-09-28T20:09:15.959+00:00,ospf,rev,1214,OK,0.163
2026-09-28T20:09:16.163+00:00,ospf,rev,1215,OK,0.142
2026-09-28T20:09:16.367+00:00,ospf,rev,1216,OK,0.138
2026-09-28T20:09:16.571+00:00,ospf,rev,1217,OK,0.170
2026-09-28T20:09:16.775+00:00,ospf,rev,1218,OK,0.171
2026-09-28T20:09:16.979+00:00,ospf,rev,1219,OK,0.149
2026-09-28T20:09:17.183+00:00,ospf,rev,1220,OK,0.208
2026-09-28T20:09:17.387+00:00,ospf,rev,1221,OK,0.185
2026-09-28T20:09:17.592+00:00,ospf,rev,1222,OK,0.160
2026-09-28T20:09:17.795+00:00,ospf,rev,1223,OK,0.138
2026-09-28T20:09:17.999+00:00,ospf,rev,1224,OK,0.116
2026-09-28T20:09:18.203+00:00,ospf,rev,1225,OK,0.256
2026-09-28T20:09:18.407+00:00,ospf,rev,1226,OK,0.092
2026-09-28T20:09:18.611+00:00,ospf,rev,1227,OK,0.097
2026-09-28T20:09:18.815+00:00,ospf,rev,1228,OK,0.136
2026-09-28T20:09:19.019+00:00,ospf,rev,1229,OK,0.099
2026-09-28T20:09:19.223+00:00,ospf,rev,1230,OK,0.168
2026-09-28T20:09:19.427+00:00,ospf,rev,1231,OK,0.099
2026-09-28T20:09:19.635+00:00,ospf,rev,1232,OK,0.123
2026-09-28T20:09:19.839+00:00,ospf,rev,1233,OK,0.124
2026-09-28T20:09:20.043+00:00,ospf,rev,1234,OK,0.169
2026-09-28T20:09:20.247+00:00,ospf,rev,1235,OK,0.130
2026-09-28T20:09:20.451+00:00,ospf,rev,1236,OK,0.086
2026-09-28T20:09:20.655+00:00,ospf,rev,1237,OK,0.128
2026-09-28T20:09:20.859+00:00,ospf,rev,1238,OK,0.116
2026-09-28T20:09:21.063+00:00,ospf,rev,1239,OK,0.118
2026-09-28T20:09:21.267+00:00,ospf,rev,1240,OK,0.138
2026-09-28T20:09:21.471+00:00,ospf,rev,1241,OK,0.145
2026-09-28T20:09:21.675+00:00,ospf,rev,1242,OK,0.182
2026-09-28T20:09:21.879+00:00,ospf,rev,1243,OK,0.085
2026-09-28T20:09:22.087+00:00,ospf,rev,1244,OK,0.111
2026-09-28T20:09:22.295+00:00,ospf,rev,1245,OK,0.132
2026-09-28T20:09:22.503+00:00,ospf,rev,1246,OK,0.157
2026-09-28T20:09:22.707+00:00,ospf,rev,1247,OK,0.126
2026-09-28T20:09:22.911+00:00,ospf,rev,1248,OK,0.121
2026-09-28T20:09:23.115+00:00,ospf,rev,1249,OK,0.091
2026-09-28T20:09:23.319+00:00,ospf,rev,1250,OK,0.097
2026-09-28T20:09:23.523+00:00,ospf,rev,1251,OK,0.091
2026-09-28T20:09:23.727+00:00,ospf,rev,1252,OK,0.133
2026-09-28T20:09:23.935+00:00,ospf,rev,1253,OK,0.161
2026-09-28T20:09:24.143+00:00,ospf,rev,1254,OK,0.183
2026-09-28T20:09:24.352+00:00,ospf,rev,1255,OK,0.153
2026-09-28T20:09:24.555+00:00,ospf,rev,1256,OK,0.158
2026-09-28T20:09:24.763+00:00,ospf,rev,1257,OK,0.184
2026-09-28T20:09:24.967+00:00,ospf,rev,1258,OK,0.118
2026-09-28T20:09:25.175+00:00,ospf,rev,1259,OK,0.181
2026-09-28T20:09:25.379+00:00,ospf,rev,1260,OK,0.157
2026-09-28T20:09:25.583+00:00,ospf,rev,1261,OK,0.087
2026-09-28T20:09:25.787+00:00,ospf,rev,1262,OK,0.089
2026-09-28T20:09:25.995+00:00,ospf,rev,1263,OK,0.126
2026-09-28T20:09:26.199+00:00,ospf,rev,1264,OK,0.128
2026-09-28T20:09:26.403+00:00,ospf,rev,1265,OK,0.170
2026-09-28T20:09:26.607+00:00,ospf,rev,1266,OK,0.089
2026-09-28T20:09:26.811+00:00,ospf,rev,1267,OK,0.146
2026-09-28T20:09:27.015+00:00,ospf,rev,1268,OK,0.083
2026-09-28T20:09:27.219+00:00,ospf,rev,1269,OK,0.103
2026-09-28T20:09:27.423+00:00,ospf,rev,1270,OK,0.175
2026-09-28T20:09:27.627+00:00,ospf,rev,1271,OK,0.089
2026-09-28T20:09:27.831+00:00,ospf,rev,1272,OK,0.127
2026-09-28T20:09:28.035+00:00,ospf,rev,1273,OK,0.090
2026-09-28T20:09:28.239+00:00,ospf,rev,1274,OK,0.099
2026-09-28T20:09:28.443+00:00,ospf,rev,1275,OK,0.088
2026-09-28T20:09:28.647+00:00,ospf,rev,1276,OK,0.091
2026-09-28T20:09:28.851+00:00,ospf,rev,1277,OK,0.168
2026-09-28T20:09:29.055+00:00,ospf,rev,1278,OK,0.149
2026-09-28T20:09:29.259+00:00,ospf,rev,1279,OK,0.177
2026-09-28T20:09:29.463+00:00,ospf,rev,1280,OK,0.121
2026-09-28T20:09:29.667+00:00,ospf,rev,1281,OK,0.148
2026-09-28T20:09:29.872+00:00,ospf,rev,1282,OK,0.176
2026-09-28T20:09:30.075+00:00,ospf,rev,1283,OK,0.141
2026-09-28T20:09:30.279+00:00,ospf,rev,1284,OK,0.136
2026-09-28T20:09:30.487+00:00,ospf,rev,1285,OK,0.094
2026-09-28T20:09:30.695+00:00,ospf,rev,1286,OK,0.093
2026-09-28T20:09:30.903+00:00,ospf,rev,1287,OK,0.181
2026-09-28T20:09:31.107+00:00,ospf,rev,1288,OK,0.132
2026-09-28T20:09:31.315+00:00,ospf,rev,1289,OK,0.153
2026-09-28T20:09:31.519+00:00,ospf,rev,1290,OK,0.193
2026-09-28T20:09:31.723+00:00,ospf,rev,1291,OK,0.147
2026-09-28T20:09:31.931+00:00,ospf,rev,1292,OK,0.156
2026-09-28T20:09:32.135+00:00,ospf,rev,1293,OK,0.162
2026-09-28T20:09:32.339+00:00,ospf,rev,1294,OK,0.089
2026-09-28T20:09:32.543+00:00,ospf,rev,1295,OK,0.146
2026-09-28T20:09:32.747+00:00,ospf,rev,1296,OK,0.170
2026-09-28T20:09:32.951+00:00,ospf,rev,1297,OK,0.106
2026-09-28T20:09:33.155+00:00,ospf,rev,1298,OK,0.125
2026-09-28T20:09:33.359+00:00,ospf,rev,1299,OK,0.089
2026-09-28T20:09:33.563+00:00,ospf,rev,1300,OK,0.089
2026-09-28T20:09:33.767+00:00,ospf,rev,1301,OK,0.091
2026-09-28T20:09:33.975+00:00,ospf,rev,1302,OK,0.140
2026-09-28T20:09:34.179+00:00,ospf,rev,1303,OK,0.105
2026-09-28T20:09:34.387+00:00,ospf,rev,1304,OK,0.155
2026-09-28T20:09:34.591+00:00,ospf,rev,1305,OK,0.087
2026-09-28T20:09:34.795+00:00,ospf,rev,1306,OK,0.160
2026-09-28T20:09:34.999+00:00,ospf,rev,1307,OK,0.088
2026-09-28T20:09:35.203+00:00,ospf,rev,1308,OK,0.111
2026-09-28T20:09:35.407+00:00,ospf,rev,1309,OK,0.115
2026-09-28T20:09:35.611+00:00,ospf,rev,1310,OK,0.102
2026-09-28T20:09:35.815+00:00,ospf,rev,1311,OK,0.088
2026-09-28T20:09:36.019+00:00,ospf,rev,1312,OK,0.171
2026-09-28T20:09:36.227+00:00,ospf,rev,1313,OK,0.142
2026-09-28T20:09:36.431+00:00,ospf,rev,1314,OK,0.173
2026-09-28T20:09:36.635+00:00,ospf,rev,1315,OK,0.209
2026-09-28T20:09:36.843+00:00,ospf,rev,1316,OK,0.180
2026-09-28T20:09:37.047+00:00,ospf,rev,1317,OK,0.175
2026-09-28T20:09:37.251+00:00,ospf,rev,1318,OK,0.141
2026-09-28T20:09:37.455+00:00,ospf,rev,1319,OK,0.118
2026-09-28T20:09:37.659+00:00,ospf,rev,1320,OK,0.102
2026-09-28T20:09:37.863+00:00,ospf,rev,1321,OK,0.117
2026-09-28T20:09:38.071+00:00,ospf,rev,1322,OK,0.170
2026-09-28T20:09:38.275+00:00,ospf,rev,1323,OK,0.172
2026-09-28T20:09:38.483+00:00,ospf,rev,1324,OK,0.151
2026-09-28T20:09:38.687+00:00,ospf,rev,1325,OK,0.157
2026-09-28T20:09:38.891+00:00,ospf,rev,1326,OK,0.186
2026-09-28T20:09:39.095+00:00,ospf,rev,1327,OK,0.184
2026-09-28T20:09:39.299+00:00,ospf,rev,1328,OK,0.129
2026-09-28T20:09:39.503+00:00,ospf,rev,1329,OK,0.092
2026-09-28T20:09:39.707+00:00,ospf,rev,1330,OK,0.080
2026-09-28T20:09:39.911+00:00,ospf,rev,1331,OK,0.083
2026-09-28T20:09:40.115+00:00,ospf,rev,1332,OK,0.131
2026-09-28T20:09:40.319+00:00,ospf,rev,1333,OK,0.097
2026-09-28T20:09:40.523+00:00,ospf,rev,1334,OK,0.121
2026-09-28T20:09:40.727+00:00,ospf,rev,1335,OK,0.087
2026-09-28T20:09:40.931+00:00,ospf,rev,1336,OK,0.089
2026-09-28T20:09:41.135+00:00,ospf,rev,1337,OK,0.146
2026-09-28T20:09:41.339+00:00,ospf,rev,1338,OK,0.103
2026-09-28T20:09:41.543+00:00,ospf,rev,1339,OK,0.145
2026-09-28T20:09:41.747+00:00,ospf,rev,1340,OK,0.084
2026-09-28T20:09:41.951+00:00,ospf,rev,1341,OK,0.086
2026-09-28T20:09:42.155+00:00,ospf,rev,1342,OK,0.196
2026-09-28T20:09:42.359+00:00,ospf,rev,1343,OK,0.180
2026-09-28T20:09:42.563+00:00,ospf,rev,1344,OK,0.152
2026-09-28T20:09:42.767+00:00,ospf,rev,1345,OK,0.187
2026-09-28T20:09:42.971+00:00,ospf,rev,1346,OK,0.179
2026-09-28T20:09:43.175+00:00,ospf,rev,1347,OK,0.278
2026-09-28T20:09:43.379+00:00,ospf,rev,1348,OK,0.157
2026-09-28T20:09:43.587+00:00,ospf,rev,1349,OK,0.078
2026-09-28T20:09:43.791+00:00,ospf,rev,1350,OK,0.134
2026-09-28T20:09:43.995+00:00,ospf,rev,1351,OK,0.083
2026-09-28T20:09:44.199+00:00,ospf,rev,1352,OK,0.107
2026-09-28T20:09:44.403+00:00,ospf,rev,1353,OK,0.226
2026-09-28T20:09:44.607+00:00,ospf,rev,1354,OK,0.136
2026-09-28T20:09:44.811+00:00,ospf,rev,1355,OK,0.167
2026-09-28T20:09:45.015+00:00,ospf,rev,1356,OK,0.127
2026-09-28T20:09:45.219+00:00,ospf,rev,1357,OK,0.168
2026-09-28T20:09:45.423+00:00,ospf,rev,1358,OK,0.130
2026-09-28T20:09:45.627+00:00,ospf,rev,1359,OK,0.129
2026-09-28T20:09:45.840+00:00,ospf,rev,1360,OK,0.256
2026-09-28T20:09:46.040+00:00,ospf,rev,1361,OK,0.168
2026-09-28T20:09:46.243+00:00,ospf,rev,1362,OK,0.158
2026-09-28T20:09:46.451+00:00,ospf,rev,1363,OK,0.171
2026-09-28T20:09:46.655+00:00,ospf,rev,1364,OK,0.152
2026-09-28T20:09:46.860+00:00,ospf,rev,1365,OK,0.158
2026-09-28T20:09:47.063+00:00,ospf,rev,1366,OK,0.163
2026-09-28T20:09:47.271+00:00,ospf,rev,1367,OK,0.137
2026-09-28T20:09:47.475+00:00,ospf,rev,1368,OK,0.111
2026-09-28T20:09:47.679+00:00,ospf,rev,1369,OK,0.142
2026-09-28T20:09:47.883+00:00,ospf,rev,1370,OK,0.128
2026-09-28T20:09:48.087+00:00,ospf,rev,1371,OK,0.250
2026-09-28T20:09:48.295+00:00,ospf,rev,1372,OK,0.128
2026-09-28T20:09:48.499+00:00,ospf,rev,1373,OK,0.113
2026-09-28T20:09:48.703+00:00,ospf,rev,1374,OK,0.114
2026-09-28T20:09:48.907+00:00,ospf,rev,1375,OK,0.112
2026-09-28T20:09:49.111+00:00,ospf,rev,1376,OK,0.165
2026-09-28T20:09:49.315+00:00,ospf,rev,1377,OK,0.147
2026-09-28T20:09:49.520+00:00,ospf,rev,1378,OK,0.129
2026-09-28T20:09:49.723+00:00,ospf,rev,1379,OK,0.137
2026-09-28T20:09:49.927+00:00,ospf,rev,1380,OK,0.203
2026-09-28T20:09:50.131+00:00,ospf,rev,1381,OK,0.149
2026-09-28T20:09:50.335+00:00,ospf,rev,1382,OK,0.184
2026-09-28T20:09:50.544+00:00,ospf,rev,1383,OK,0.114
2026-09-28T20:09:50.747+00:00,ospf,rev,1384,OK,0.107
2026-09-28T20:09:50.951+00:00,ospf,rev,1385,OK,0.143
2026-09-28T20:09:51.155+00:00,ospf,rev,1386,OK,0.105
2026-09-28T20:09:51.359+00:00,ospf,rev,1387,OK,0.094
2026-09-28T20:09:51.563+00:00,ospf,rev,1388,OK,0.096
2026-09-28T20:09:51.767+00:00,ospf,rev,1389,OK,0.131
2026-09-28T20:09:51.971+00:00,ospf,rev,1390,OK,0.150
2026-09-28T20:09:52.175+00:00,ospf,rev,1391,OK,0.201
2026-09-28T20:09:52.380+00:00,ospf,rev,1392,OK,0.089
2026-09-28T20:09:52.584+00:00,ospf,rev,1393,OK,0.201
2026-09-28T20:09:52.787+00:00,ospf,rev,1394,OK,0.193
2026-09-28T20:09:52.991+00:00,ospf,rev,1395,OK,0.317
2026-09-28T20:09:53.204+00:00,ospf,rev,1396,OK,0.144
2026-09-28T20:09:53.407+00:00,ospf,rev,1397,OK,0.189
2026-09-28T20:09:53.615+00:00,ospf,rev,1398,OK,0.191
2026-09-28T20:09:53.823+00:00,ospf,rev,1399,OK,0.193
2026-09-28T20:09:54.031+00:00,ospf,rev,1400,OK,0.164
2026-09-28T20:09:54.235+00:00,ospf,rev,1401,OK,0.097
2026-09-28T20:09:54.439+00:00,ospf,rev,1402,OK,0.137
2026-09-28T20:09:54.643+00:00,ospf,rev,1403,OK,0.168
2026-09-28T20:09:54.847+00:00,ospf,rev,1404,OK,0.181
2026-09-28T20:09:55.051+00:00,ospf,rev,1405,OK,0.117
2026-09-28T20:09:55.255+00:00,ospf,rev,1406,OK,0.113
2026-09-28T20:09:55.459+00:00,ospf,rev,1407,OK,0.094
2026-09-28T20:09:55.663+00:00,ospf,rev,1408,OK,0.080
2026-09-28T20:09:55.867+00:00,ospf,rev,1409,OK,0.149
2026-09-28T20:09:56.071+00:00,ospf,rev,1410,OK,0.184
2026-09-28T20:09:56.275+00:00,ospf,rev,1411,OK,0.156
2026-09-28T20:09:56.479+00:00,ospf,rev,1412,OK,0.098
2026-09-28T20:09:56.683+00:00,ospf,rev,1413,OK,0.131
2026-09-28T20:09:56.887+00:00,ospf,rev,1414,OK,0.124
2026-09-28T20:09:57.091+00:00,ospf,rev,1415,OK,0.129
2026-09-28T20:09:57.295+00:00,ospf,rev,1416,OK,0.097
2026-09-28T20:09:57.499+00:00,ospf,rev,1417,OK,0.082
2026-09-28T20:09:57.703+00:00,ospf,rev,1418,OK,0.076
2026-09-28T20:09:57.907+00:00,ospf,rev,1419,OK,0.089
2026-09-28T20:09:58.111+00:00,ospf,rev,1420,OK,0.129
2026-09-28T20:09:58.315+00:00,ospf,rev,1421,OK,0.197
2026-09-28T20:09:58.523+00:00,ospf,rev,1422,OK,0.171
2026-09-28T20:09:58.727+00:00,ospf,rev,1423,OK,0.086
2026-09-28T20:09:58.931+00:00,ospf,rev,1424,OK,0.128
2026-09-28T20:09:59.135+00:00,ospf,rev,1425,OK,0.096
2026-09-28T20:09:59.339+00:00,ospf,rev,1426,OK,0.128
2026-09-28T20:09:59.543+00:00,ospf,rev,1427,OK,0.129
2026-09-28T20:09:59.747+00:00,ospf,rev,1428,OK,0.144
2026-09-28T20:09:59.951+00:00,ospf,rev,1429,OK,0.181
2026-09-28T20:10:00.159+00:00,ospf,rev,1430,OK,0.137
2026-09-28T20:10:00.367+00:00,ospf,rev,1431,OK,0.154
2026-09-28T20:10:00.571+00:00,ospf,rev,1432,OK,0.163
2026-09-28T20:10:00.779+00:00,ospf,rev,1433,OK,0.192
2026-09-28T20:10:00.983+00:00,ospf,rev,1434,OK,0.094
2026-09-28T20:10:01.187+00:00,ospf,rev,1435,OK,0.112
2026-09-28T20:10:01.391+00:00,ospf,rev,1436,OK,0.113
2026-09-28T20:10:01.595+00:00,ospf,rev,1437,OK,0.182
2026-09-28T20:10:01.799+00:00,ospf,rev,1438,OK,0.126
2026-09-28T20:10:02.003+00:00,ospf,rev,1439,OK,0.093
2026-09-28T20:10:02.207+00:00,ospf,rev,1440,OK,0.094
2026-09-28T20:10:02.411+00:00,ospf,rev,1441,OK,0.082
2026-09-28T20:10:02.615+00:00,ospf,rev,1442,OK,0.200
2026-09-28T20:10:02.819+00:00,ospf,rev,1443,OK,0.133
2026-09-28T20:10:03.023+00:00,ospf,rev,1444,OK,0.091
2026-09-28T20:10:03.227+00:00,ospf,rev,1445,OK,0.093
2026-09-28T20:10:03.431+00:00,ospf,rev,1446,OK,0.210
2026-09-28T20:10:03.635+00:00,ospf,rev,1447,OK,0.081
2026-09-28T20:10:03.839+00:00,ospf,rev,1448,OK,0.125
2026-09-28T20:10:04.047+00:00,ospf,rev,1449,OK,0.102
2026-09-28T20:10:04.251+00:00,ospf,rev,1450,OK,0.099
2026-09-28T20:10:04.459+00:00,ospf,rev,1451,OK,0.104
2026-09-28T20:10:04.663+00:00,ospf,rev,1452,OK,0.087
2026-09-28T20:10:04.867+00:00,ospf,rev,1453,OK,0.199
2026-09-28T20:10:05.071+00:00,ospf,rev,1454,OK,0.093
2026-09-28T20:10:05.275+00:00,ospf,rev,1455,OK,0.145
2026-09-28T20:10:05.479+00:00,ospf,rev,1456,OK,0.101
2026-09-28T20:10:05.683+00:00,ospf,rev,1457,OK,0.105
2026-09-28T20:10:05.888+00:00,ospf,rev,1458,OK,0.135
2026-09-28T20:10:06.091+00:00,ospf,rev,1459,OK,0.196
2026-09-28T20:10:06.299+00:00,ospf,rev,1460,OK,0.133
2026-09-28T20:10:06.503+00:00,ospf,rev,1461,OK,0.085
2026-09-28T20:10:06.707+00:00,ospf,rev,1462,OK,0.130
2026-09-28T20:10:06.915+00:00,ospf,rev,1463,OK,0.104
2026-09-28T20:10:07.119+00:00,ospf,rev,1464,OK,0.127
2026-09-28T20:10:07.323+00:00,ospf,rev,1465,OK,0.107
2026-09-28T20:10:07.527+00:00,ospf,rev,1466,OK,0.158
2026-09-28T20:10:07.731+00:00,ospf,rev,1467,OK,0.153
2026-09-28T20:10:07.940+00:00,ospf,rev,1468,OK,0.672
2026-09-28T20:10:08.143+00:00,ospf,rev,1469,OK,0.251
2026-09-28T20:10:08.348+00:00,ospf,rev,1470,OK,0.213
2026-09-28T20:10:08.551+00:00,ospf,rev,1471,OK,0.086
2026-09-28T20:10:08.755+00:00,ospf,rev,1472,OK,0.149
2026-09-28T20:10:08.959+00:00,ospf,rev,1473,OK,0.130
2026-09-28T20:10:09.163+00:00,ospf,rev,1474,OK,0.138
2026-09-28T20:10:09.367+00:00,ospf,rev,1475,OK,0.102
2026-09-28T20:10:09.571+00:00,ospf,rev,1476,OK,0.098
2026-09-28T20:10:09.779+00:00,ospf,rev,1477,OK,0.121
2026-09-28T20:10:09.983+00:00,ospf,rev,1478,OK,0.093
2026-09-28T20:10:10.187+00:00,ospf,rev,1479,OK,0.137
2026-09-28T20:10:10.391+00:00,ospf,rev,1480,OK,0.203
2026-09-28T20:10:10.599+00:00,ospf,rev,1481,OK,0.168
2026-09-28T20:10:10.803+00:00,ospf,rev,1482,OK,0.105
2026-09-28T20:10:11.007+00:00,ospf,rev,1483,OK,0.127
2026-09-28T20:10:11.211+00:00,ospf,rev,1484,OK,0.133
2026-09-28T20:10:11.415+00:00,ospf,rev,1485,OK,0.079
2026-09-28T20:10:11.619+00:00,ospf,rev,1486,OK,0.091
2026-09-28T20:10:11.823+00:00,ospf,rev,1487,OK,0.185
2026-09-28T20:10:12.027+00:00,ospf,rev,1488,OK,0.147
2026-09-28T20:10:12.231+00:00,ospf,rev,1489,OK,0.187
2026-09-28T20:10:12.435+00:00,ospf,rev,1490,OK,0.094
2026-09-28T20:10:12.639+00:00,ospf,rev,1491,OK,0.146
2026-09-28T20:10:12.847+00:00,ospf,rev,1492,OK,0.188
2026-09-28T20:10:13.055+00:00,ospf,rev,1493,OK,0.163
2026-09-28T20:10:13.259+00:00,ospf,rev,1494,OK,0.159
2026-09-28T20:10:13.463+00:00,ospf,rev,1495,OK,0.137
2026-09-28T20:10:13.672+00:00,ospf,rev,1496,OK,0.548
2026-09-28T20:10:13.875+00:00,ospf,rev,1497,OK,0.100
2026-09-28T20:10:14.079+00:00,ospf,rev,1498,OK,0.182
2026-09-28T20:10:14.286+00:00,ospf,rev,1499,OK,0.183
2026-09-28T20:10:14.487+00:00,ospf,rev,1500,OK,0.171
2026-09-28T20:10:14.695+00:00,ospf,rev,1501,OK,0.234
2026-09-28T20:10:14.903+00:00,ospf,rev,1502,OK,0.180
2026-09-28T20:10:15.111+00:00,ospf,rev,1503,OK,0.149
2026-09-28T20:10:15.315+00:00,ospf,rev,1504,OK,0.174
2026-09-28T20:10:15.519+00:00,ospf,rev,1505,OK,0.137
2026-09-28T20:10:15.723+00:00,ospf,rev,1506,OK,0.142
2026-09-28T20:10:15.927+00:00,ospf,rev,1507,OK,0.138
2026-09-28T20:10:16.135+00:00,ospf,rev,1508,OK,0.171
2026-09-28T20:10:16.339+00:00,ospf,rev,1509,OK,0.185
2026-09-28T20:10:16.543+00:00,ospf,rev,1510,OK,0.148
2026-09-28T20:10:16.747+00:00,ospf,rev,1511,OK,0.123
2026-09-28T20:10:16.951+00:00,ospf,rev,1512,OK,0.156
2026-09-28T20:10:17.155+00:00,ospf,rev,1513,OK,0.211
2026-09-28T20:10:17.360+00:00,ospf,rev,1514,OK,0.501
2026-09-28T20:10:17.563+00:00,ospf,rev,1515,OK,0.183
2026-09-28T20:10:17.767+00:00,ospf,rev,1516,OK,0.132
2026-09-28T20:10:17.971+00:00,ospf,rev,1517,OK,0.133
2026-09-28T20:10:18.179+00:00,ospf,rev,1518,OK,0.170
2026-09-28T20:10:18.383+00:00,ospf,rev,1519,OK,0.082
2026-09-28T20:10:18.591+00:00,ospf,rev,1520,OK,0.163
2026-09-28T20:10:18.795+00:00,ospf,rev,1521,OK,0.160
2026-09-28T20:10:19.003+00:00,ospf,rev,1522,OK,0.146
2026-09-28T20:10:19.207+00:00,ospf,rev,1523,OK,0.131
2026-09-28T20:10:19.411+00:00,ospf,rev,1524,OK,0.105
2026-09-28T20:10:19.615+00:00,ospf,rev,1525,OK,0.189
2026-09-28T20:10:19.819+00:00,ospf,rev,1526,OK,0.156
2026-09-28T20:10:20.023+00:00,ospf,rev,1527,OK,0.131
2026-09-28T20:10:20.231+00:00,ospf,rev,1528,OK,0.140
2026-09-28T20:10:20.435+00:00,ospf,rev,1529,OK,0.105
2026-09-28T20:10:20.639+00:00,ospf,rev,1530,OK,0.111
2026-09-28T20:10:20.843+00:00,ospf,rev,1531,OK,0.109
2026-09-28T20:10:21.047+00:00,ospf,rev,1532,OK,0.212
2026-09-28T20:10:21.251+00:00,ospf,rev,1533,OK,0.177
2026-09-28T20:10:21.455+00:00,ospf,rev,1534,OK,0.182
2026-09-28T20:10:21.659+00:00,ospf,rev,1535,OK,0.203
2026-09-28T20:10:21.863+00:00,ospf,rev,1536,OK,0.150
2026-09-28T20:10:22.067+00:00,ospf,rev,1537,OK,0.196
2026-09-28T20:10:22.271+00:00,ospf,rev,1538,OK,0.193
2026-09-28T20:10:22.475+00:00,ospf,rev,1539,OK,0.105
2026-09-28T20:10:22.679+00:00,ospf,rev,1540,OK,0.086
2026-09-28T20:10:22.883+00:00,ospf,rev,1541,OK,0.115
2026-09-28T20:10:23.087+00:00,ospf,rev,1542,OK,0.300
2026-09-28T20:10:23.291+00:00,ospf,rev,1543,OK,0.165
2026-09-28T20:10:23.495+00:00,ospf,rev,1544,OK,0.138
2026-09-28T20:10:23.699+00:00,ospf,rev,1545,OK,0.145
2026-09-28T20:10:23.903+00:00,ospf,rev,1546,OK,0.128
2026-09-28T20:10:24.111+00:00,ospf,rev,1547,OK,0.119
2026-09-28T20:10:24.319+00:00,ospf,rev,1548,OK,0.159
2026-09-28T20:10:24.523+00:00,ospf,rev,1549,OK,0.114
2026-09-28T20:10:24.731+00:00,ospf,rev,1550,OK,0.139
2026-09-28T20:10:24.935+00:00,ospf,rev,1551,OK,0.152
2026-09-28T20:10:25.139+00:00,ospf,rev,1552,OK,0.157
2026-09-28T20:10:25.347+00:00,ospf,rev,1553,OK,0.164
2026-09-28T20:10:25.551+00:00,ospf,rev,1554,OK,0.109
2026-09-28T20:10:25.755+00:00,ospf,rev,1555,OK,0.169
2026-09-28T20:10:25.959+00:00,ospf,rev,1556,OK,0.198
2026-09-28T20:10:26.163+00:00,ospf,rev,1557,OK,0.139
2026-09-28T20:10:26.367+00:00,ospf,rev,1558,OK,0.169
2026-09-28T20:10:26.571+00:00,ospf,rev,1559,OK,0.178
2026-09-28T20:10:26.775+00:00,ospf,rev,1560,OK,0.152
2026-09-28T20:10:26.979+00:00,ospf,rev,1561,OK,0.167
2026-09-28T20:10:27.183+00:00,ospf,rev,1562,OK,0.163
2026-09-28T20:10:27.387+00:00,ospf,rev,1563,OK,0.129
2026-09-28T20:10:27.591+00:00,ospf,rev,1564,OK,0.089
2026-09-28T20:10:27.795+00:00,ospf,rev,1565,OK,0.106
2026-09-28T20:10:27.999+00:00,ospf,rev,1566,OK,0.090
2026-09-28T20:10:28.203+00:00,ospf,rev,1567,OK,0.140
2026-09-28T20:10:28.407+00:00,ospf,rev,1568,OK,0.156
2026-09-28T20:10:28.611+00:00,ospf,rev,1569,OK,0.179
2026-09-28T20:10:28.815+00:00,ospf,rev,1570,OK,0.218
2026-09-28T20:10:29.019+00:00,ospf,rev,1571,OK,0.165
2026-09-28T20:10:29.223+00:00,ospf,rev,1572,OK,0.177
2026-09-28T20:10:29.427+00:00,ospf,rev,1573,OK,0.136
2026-09-28T20:10:29.635+00:00,ospf,rev,1574,OK,0.333
2026-09-28T20:10:29.839+00:00,ospf,rev,1575,OK,0.186
2026-09-28T20:10:30.043+00:00,ospf,rev,1576,OK,0.095
2026-09-28T20:10:30.247+00:00,ospf,rev,1577,OK,0.162
2026-09-28T20:10:30.451+00:00,ospf,rev,1578,OK,0.143
2026-09-28T20:10:30.655+00:00,ospf,rev,1579,OK,0.104
2026-09-28T20:10:30.860+00:00,ospf,rev,1580,OK,0.566
2026-09-28T20:10:31.060+00:00,ospf,rev,1581,OK,0.090
2026-09-28T20:10:31.263+00:00,ospf,rev,1582,OK,0.161
2026-09-28T20:10:31.467+00:00,ospf,rev,1583,OK,0.085
2026-09-28T20:10:31.671+00:00,ospf,rev,1584,OK,0.096
2026-09-28T20:10:31.875+00:00,ospf,rev,1585,OK,0.123
2026-09-28T20:10:32.079+00:00,ospf,rev,1586,OK,0.118
2026-09-28T20:10:32.283+00:00,ospf,rev,1587,OK,0.109
2026-09-28T20:10:32.487+00:00,ospf,rev,1588,OK,0.144
2026-09-28T20:10:32.691+00:00,ospf,rev,1589,OK,0.194
2026-09-28T20:10:32.895+00:00,ospf,rev,1590,OK,0.126
2026-09-28T20:10:33.099+00:00,ospf,rev,1591,OK,0.095
2026-09-28T20:10:33.303+00:00,ospf,rev,1592,OK,0.140
2026-09-28T20:10:33.507+00:00,ospf,rev,1593,OK,0.172
2026-09-28T20:10:33.711+00:00,ospf,rev,1594,OK,0.121
2026-09-28T20:10:33.915+00:00,ospf,rev,1595,OK,0.162
2026-09-28T20:10:34.119+00:00,ospf,rev,1596,OK,0.099
2026-09-28T20:10:34.323+00:00,ospf,rev,1597,OK,0.099
2026-09-28T20:10:34.527+00:00,ospf,rev,1598,OK,0.124
2026-09-28T20:10:34.731+00:00,ospf,rev,1599,OK,0.098
2026-09-28T20:10:34.935+00:00,ospf,rev,1600,OK,0.143
2026-09-28T20:10:35.139+00:00,ospf,rev,1601,OK,0.097
2026-09-28T20:10:35.343+00:00,ospf,rev,1602,OK,0.115
2026-09-28T20:10:35.547+00:00,ospf,rev,1603,OK,0.162
2026-09-28T20:10:35.755+00:00,ospf,rev,1604,OK,0.161
2026-09-28T20:10:35.963+00:00,ospf,rev,1605,OK,0.150
2026-09-28T20:10:36.167+00:00,ospf,rev,1606,OK,0.173
2026-09-28T20:10:36.375+00:00,ospf,rev,1607,OK,0.217
2026-09-28T20:10:36.579+00:00,ospf,rev,1608,OK,0.159
2026-09-28T20:10:36.783+00:00,ospf,rev,1609,OK,0.141
2026-09-28T20:10:36.987+00:00,ospf,rev,1610,OK,0.219
2026-09-28T20:10:37.195+00:00,ospf,rev,1611,OK,0.209
2026-09-28T20:10:37.399+00:00,ospf,rev,1612,OK,0.138
2026-09-28T20:10:37.603+00:00,ospf,rev,1613,OK,0.096
2026-09-28T20:10:37.807+00:00,ospf,rev,1614,OK,0.119
2026-09-28T20:10:38.011+00:00,ospf,rev,1615,OK,0.163
2026-09-28T20:10:38.215+00:00,ospf,rev,1616,OK,0.147
2026-09-28T20:10:38.419+00:00,ospf,rev,1617,OK,0.095
2026-09-28T20:10:38.623+00:00,ospf,rev,1618,OK,0.087
2026-09-28T20:10:38.827+00:00,ospf,rev,1619,OK,0.107
2026-09-28T20:10:39.031+00:00,ospf,rev,1620,OK,0.084
2026-09-28T20:10:39.235+00:00,ospf,rev,1621,OK,0.157
2026-09-28T20:10:39.440+00:00,ospf,rev,1622,OK,0.153
2026-09-28T20:10:39.643+00:00,ospf,rev,1623,OK,0.163
2026-09-28T20:10:39.847+00:00,ospf,rev,1624,OK,0.127
2026-09-28T20:10:40.051+00:00,ospf,rev,1625,OK,0.101
2026-09-28T20:10:40.255+00:00,ospf,rev,1626,OK,0.107
2026-09-28T20:10:40.463+00:00,ospf,rev,1627,OK,0.128
2026-09-28T20:10:40.667+00:00,ospf,rev,1628,OK,0.112
2026-09-28T20:10:40.871+00:00,ospf,rev,1629,OK,0.100
2026-09-28T20:10:41.075+00:00,ospf,rev,1630,OK,0.204
2026-09-28T20:10:41.279+00:00,ospf,rev,1631,OK,0.154
2026-09-28T20:10:41.487+00:00,ospf,rev,1632,OK,0.177
2026-09-28T20:10:41.691+00:00,ospf,rev,1633,OK,0.176
2026-09-28T20:10:41.895+00:00,ospf,rev,1634,OK,0.131
2026-09-28T20:10:42.099+00:00,ospf,rev,1635,OK,0.128
2026-09-28T20:10:42.303+00:00,ospf,rev,1636,OK,0.101
2026-09-28T20:10:42.507+00:00,ospf,rev,1637,OK,0.116
2026-09-28T20:10:42.711+00:00,ospf,rev,1638,OK,0.179
2026-09-28T20:10:42.916+00:00,ospf,rev,1639,OK,0.199
2026-09-28T20:10:43.119+00:00,ospf,rev,1640,OK,0.170
2026-09-28T20:10:43.328+00:00,ospf,rev,1641,OK,0.169
2026-09-28T20:10:43.537+00:00,ospf,rev,1642,OK,0.249
2026-09-28T20:10:43.744+00:00,ospf,rev,1643,OK,0.194
2026-09-28T20:10:43.947+00:00,ospf,rev,1644,OK,0.166
2026-09-28T20:10:44.151+00:00,ospf,rev,1645,OK,0.155
2026-09-28T20:10:44.355+00:00,ospf,rev,1646,OK,0.131
2026-09-28T20:10:44.559+00:00,ospf,rev,1647,OK,0.110
2026-09-28T20:10:44.763+00:00,ospf,rev,1648,OK,0.096
2026-09-28T20:10:44.967+00:00,ospf,rev,1649,OK,0.124
2026-09-28T20:10:45.171+00:00,ospf,rev,1650,OK,0.147
2026-09-28T20:10:45.375+00:00,ospf,rev,1651,OK,0.134
2026-09-28T20:10:45.579+00:00,ospf,rev,1652,OK,0.100
2026-09-28T20:10:45.783+00:00,ospf,rev,1653,OK,0.086
2026-09-28T20:10:45.987+00:00,ospf,rev,1654,OK,0.187
2026-09-28T20:10:46.191+00:00,ospf,rev,1655,OK,0.145
2026-09-28T20:10:46.396+00:00,ospf,rev,1656,OK,0.243
2026-09-28T20:10:46.599+00:00,ospf,rev,1657,OK,0.111
2026-09-28T20:10:46.803+00:00,ospf,rev,1658,OK,0.102
2026-09-28T20:10:47.008+00:00,ospf,rev,1659,OK,0.196
2026-09-28T20:10:47.211+00:00,ospf,rev,1660,OK,0.162
2026-09-28T20:10:47.415+00:00,ospf,rev,1661,OK,0.156
2026-09-28T20:10:47.623+00:00,ospf,rev,1662,OK,0.122
2026-09-28T20:10:47.827+00:00,ospf,rev,1663,OK,0.177
2026-09-28T20:10:48.031+00:00,ospf,rev,1664,OK,0.177
2026-09-28T20:10:48.239+00:00,ospf,rev,1665,OK,0.171
2026-09-28T20:10:48.447+00:00,ospf,rev,1666,OK,0.158
2026-09-28T20:10:48.651+00:00,ospf,rev,1667,OK,0.147
2026-09-28T20:10:48.855+00:00,ospf,rev,1668,OK,0.172
2026-09-28T20:10:49.059+00:00,ospf,rev,1669,OK,0.125
2026-09-28T20:10:49.263+00:00,ospf,rev,1670,OK,0.150
2026-09-28T20:10:49.467+00:00,ospf,rev,1671,OK,0.117
2026-09-28T20:10:49.671+00:00,ospf,rev,1672,OK,0.094
2026-09-28T20:10:49.875+00:00,ospf,rev,1673,OK,0.120
2026-09-28T20:10:50.079+00:00,ospf,rev,1674,OK,0.132
2026-09-28T20:10:50.283+00:00,ospf,rev,1675,OK,0.234
2026-09-28T20:10:50.487+00:00,ospf,rev,1676,OK,0.166
2026-09-28T20:10:50.695+00:00,ospf,rev,1677,OK,0.188
2026-09-28T20:10:50.899+00:00,ospf,rev,1678,OK,0.130
2026-09-28T20:10:51.104+00:00,ospf,rev,1679,OK,0.147
2026-09-28T20:10:51.311+00:00,ospf,rev,1680,OK,0.183
2026-09-28T20:10:51.515+00:00,ospf,rev,1681,OK,0.204
2026-09-28T20:10:51.719+00:00,ospf,rev,1682,OK,0.158
2026-09-28T20:10:51.927+00:00,ospf,rev,1683,OK,0.148
2026-09-28T20:10:52.131+00:00,ospf,rev,1684,OK,0.143
2026-09-28T20:10:52.335+00:00,ospf,rev,1685,OK,0.149
2026-09-28T20:10:52.539+00:00,ospf,rev,1686,OK,0.106
2026-09-28T20:10:52.743+00:00,ospf,rev,1687,OK,0.180
2026-09-28T20:10:52.947+00:00,ospf,rev,1688,OK,0.092
2026-09-28T20:10:53.151+00:00,ospf,rev,1689,OK,0.098
2026-09-28T20:10:53.355+00:00,ospf,rev,1690,OK,0.098
2026-09-28T20:10:53.559+00:00,ospf,rev,1691,OK,0.165
2026-09-28T20:10:53.767+00:00,ospf,rev,1692,OK,0.203
2026-09-28T20:10:53.975+00:00,ospf,rev,1693,OK,0.159
2026-09-28T20:10:54.183+00:00,ospf,rev,1694,OK,0.110
2026-09-28T20:10:54.387+00:00,ospf,rev,1695,OK,0.159
2026-09-28T20:10:54.591+00:00,ospf,rev,1696,OK,0.119
2026-09-28T20:10:54.795+00:00,ospf,rev,1697,OK,0.085
2026-09-28T20:10:54.999+00:00,ospf,rev,1698,OK,0.160
2026-09-28T20:10:55.203+00:00,ospf,rev,1699,OK,0.185
2026-09-28T20:10:55.407+00:00,ospf,rev,1700,OK,0.100
2026-09-28T20:10:55.611+00:00,ospf,rev,1701,OK,0.173
2026-09-28T20:10:55.815+00:00,ospf,rev,1702,OK,0.177
2026-09-28T20:10:56.019+00:00,ospf,rev,1703,OK,0.103
2026-09-28T20:10:56.224+00:00,ospf,rev,1704,OK,0.216
2026-09-28T20:10:56.427+00:00,ospf,rev,1705,OK,0.115
2026-09-28T20:10:56.635+00:00,ospf,rev,1706,OK,0.123
2026-09-28T20:10:56.839+00:00,ospf,rev,1707,OK,0.126
2026-09-28T20:10:57.043+00:00,ospf,rev,1708,OK,0.183
2026-09-28T20:10:57.247+00:00,ospf,rev,1709,OK,0.186
2026-09-28T20:10:57.451+00:00,ospf,rev,1710,OK,0.233
2026-09-28T20:10:57.656+00:00,ospf,rev,1711,OK,0.798
2026-09-28T20:10:57.863+00:00,ospf,rev,1712,OK,0.132
2026-09-28T20:10:58.067+00:00,ospf,rev,1713,OK,0.130
2026-09-28T20:10:58.275+00:00,ospf,rev,1714,OK,0.199
2026-09-28T20:10:58.479+00:00,ospf,rev,1715,OK,0.192
2026-09-28T20:10:58.683+00:00,ospf,rev,1716,OK,0.220
2026-09-28T20:10:58.887+00:00,ospf,rev,1717,OK,0.129
2026-09-28T20:10:59.091+00:00,ospf,rev,1718,OK,0.125
2026-09-28T20:10:59.295+00:00,ospf,rev,1719,OK,0.132
2026-09-28T20:10:59.499+00:00,ospf,rev,1720,OK,0.101
2026-09-28T20:10:59.703+00:00,ospf,rev,1721,OK,0.151
2026-09-28T20:10:59.907+00:00,ospf,rev,1722,OK,0.121
2026-09-28T20:11:00.111+00:00,ospf,rev,1723,OK,0.140
2026-09-28T20:11:00.315+00:00,ospf,rev,1724,OK,0.105
2026-09-28T20:11:00.519+00:00,ospf,rev,1725,OK,0.100
2026-09-28T20:11:00.723+00:00,ospf,rev,1726,OK,0.171
2026-09-28T20:11:00.927+00:00,ospf,rev,1727,OK,0.208
2026-09-28T20:11:01.131+00:00,ospf,rev,1728,OK,0.102
2026-09-28T20:11:01.335+00:00,ospf,rev,1729,OK,0.102
2026-09-28T20:11:01.539+00:00,ospf,rev,1730,OK,0.170
2026-09-28T20:11:01.743+00:00,ospf,rev,1731,OK,0.131
2026-09-28T20:11:01.947+00:00,ospf,rev,1732,OK,0.143
2026-09-28T20:11:02.151+00:00,ospf,rev,1733,OK,0.090
2026-09-28T20:11:02.355+00:00,ospf,rev,1734,OK,0.090
2026-09-28T20:11:02.559+00:00,ospf,rev,1735,OK,0.123
2026-09-28T20:11:02.763+00:00,ospf,rev,1736,OK,0.146
2026-09-28T20:11:02.967+00:00,ospf,rev,1737,OK,0.193
2026-09-28T20:11:03.171+00:00,ospf,rev,1738,OK,0.104
2026-09-28T20:11:03.375+00:00,ospf,rev,1739,OK,0.093
2026-09-28T20:11:03.579+00:00,ospf,rev,1740,OK,0.116
2026-09-28T20:11:03.783+00:00,ospf,rev,1741,OK,0.126
2026-09-28T20:11:03.987+00:00,ospf,rev,1742,OK,0.092
2026-09-28T20:11:04.191+00:00,ospf,rev,1743,OK,0.122
2026-09-28T20:11:04.396+00:00,ospf,rev,1744,OK,0.162
2026-09-28T20:11:04.599+00:00,ospf,rev,1745,OK,0.203
2026-09-28T20:11:04.803+00:00,ospf,rev,1746,OK,0.140
2026-09-28T20:11:05.007+00:00,ospf,rev,1747,OK,0.207
2026-09-28T20:11:05.211+00:00,ospf,rev,1748,OK,0.206
2026-09-28T20:11:05.419+00:00,ospf,rev,1749,OK,0.182
2026-09-28T20:11:05.623+00:00,ospf,rev,1750,OK,0.158
2026-09-28T20:11:05.827+00:00,ospf,rev,1751,OK,0.144
2026-09-28T20:11:06.031+00:00,ospf,rev,1752,OK,0.123
2026-09-28T20:11:06.235+00:00,ospf,rev,1753,OK,0.182
2026-09-28T20:11:06.439+00:00,ospf,rev,1754,OK,0.098
2026-09-28T20:11:06.643+00:00,ospf,rev,1755,OK,0.081
2026-09-28T20:11:06.847+00:00,ospf,rev,1756,OK,0.130
2026-09-28T20:11:07.051+00:00,ospf,rev,1757,OK,0.145
2026-09-28T20:11:07.255+00:00,ospf,rev,1758,OK,0.108
2026-09-28T20:11:07.459+00:00,ospf,rev,1759,OK,0.211
2026-09-28T20:11:07.663+00:00,ospf,rev,1760,OK,0.093
2026-09-28T20:11:07.867+00:00,ospf,rev,1761,OK,0.129
2026-09-28T20:11:08.071+00:00,ospf,rev,1762,OK,0.156
2026-09-28T20:11:08.279+00:00,ospf,rev,1763,OK,0.187
2026-09-28T20:11:08.487+00:00,ospf,rev,1764,OK,0.173
2026-09-28T20:11:08.691+00:00,ospf,rev,1765,OK,0.109
2026-09-28T20:11:08.899+00:00,ospf,rev,1766,OK,0.145
2026-09-28T20:11:09.103+00:00,ospf,rev,1767,OK,0.092
2026-09-28T20:11:09.307+00:00,ospf,rev,1768,OK,0.098
2026-09-28T20:11:09.511+00:00,ospf,rev,1769,OK,0.078
2026-09-28T20:11:09.715+00:00,ospf,rev,1770,OK,0.159
2026-09-28T20:11:09.919+00:00,ospf,rev,1771,OK,0.108
2026-09-28T20:11:10.123+00:00,ospf,rev,1772,OK,0.134
2026-09-28T20:11:10.327+00:00,ospf,rev,1773,OK,0.160
2026-09-28T20:11:10.531+00:00,ospf,rev,1774,OK,0.100
2026-09-28T20:11:10.735+00:00,ospf,rev,1775,OK,0.133
2026-09-28T20:11:10.939+00:00,ospf,rev,1776,OK,0.129
2026-09-28T20:11:11.143+00:00,ospf,rev,1777,OK,0.466
2026-09-28T20:11:11.347+00:00,ospf,rev,1778,OK,0.179
2026-09-28T20:11:11.551+00:00,ospf,rev,1779,OK,0.084
2026-09-28T20:11:11.755+00:00,ospf,rev,1780,OK,0.207
2026-09-28T20:11:11.959+00:00,ospf,rev,1781,OK,0.241
2026-09-28T20:11:12.163+00:00,ospf,rev,1782,OK,0.169
2026-09-28T20:11:12.368+00:00,ospf,rev,1783,OK,0.192
2026-09-28T20:11:12.576+00:00,ospf,rev,1784,OK,0.261
2026-09-28T20:11:12.779+00:00,ospf,rev,1785,OK,0.174
2026-09-28T20:11:12.983+00:00,ospf,rev,1786,OK,0.157
2026-09-28T20:11:13.187+00:00,ospf,rev,1787,OK,0.161
2026-09-28T20:11:13.391+00:00,ospf,rev,1788,OK,0.083
2026-09-28T20:11:13.595+00:00,ospf,rev,1789,OK,0.081
2026-09-28T20:11:13.799+00:00,ospf,rev,1790,OK,0.097
2026-09-28T20:11:14.007+00:00,ospf,rev,1791,OK,0.155
2026-09-28T20:11:14.211+00:00,ospf,rev,1792,OK,0.179
2026-09-28T20:11:14.415+00:00,ospf,rev,1793,OK,0.182
2026-09-28T20:11:14.619+00:00,ospf,rev,1794,OK,0.159
2026-09-28T20:11:14.827+00:00,ospf,rev,1795,OK,0.191
2026-09-28T20:11:15.031+00:00,ospf,rev,1796,OK,0.138
2026-09-28T20:11:15.235+00:00,ospf,rev,1797,OK,0.194
2026-09-28T20:11:15.439+00:00,ospf,rev,1798,OK,0.159
2026-09-28T20:11:15.643+00:00,ospf,rev,1799,OK,0.107
2026-09-28T20:11:15.847+00:00,ospf,rev,1800,OK,0.135
2026-09-28T20:11:16.055+00:00,ospf,rev,1801,OK,0.142
2026-09-28T20:11:16.259+00:00,ospf,rev,1802,OK,0.161
2026-09-28T20:11:16.463+00:00,ospf,rev,1803,OK,0.102
2026-09-28T20:11:16.667+00:00,ospf,rev,1804,OK,0.139
2026-09-28T20:11:16.871+00:00,ospf,rev,1805,OK,0.128
2026-09-28T20:11:17.075+00:00,ospf,rev,1806,OK,0.192
2026-09-28T20:11:17.279+00:00,ospf,rev,1807,OK,0.149
2026-09-28T20:11:17.483+00:00,ospf,rev,1808,OK,0.103
2026-09-28T20:11:17.687+00:00,ospf,rev,1809,OK,0.140
2026-09-28T20:11:17.891+00:00,ospf,rev,1810,OK,0.124
2026-09-28T20:11:18.095+00:00,ospf,rev,1811,OK,0.120
2026-09-28T20:11:18.299+00:00,ospf,rev,1812,OK,0.094
2026-09-28T20:11:18.503+00:00,ospf,rev,1813,OK,0.120
2026-09-28T20:11:18.707+00:00,ospf,rev,1814,OK,0.120
2026-09-28T20:11:18.912+00:00,ospf,rev,1815,OK,0.220
2026-09-28T20:11:19.115+00:00,ospf,rev,1816,OK,0.173
2026-09-28T20:11:19.319+00:00,ospf,rev,1817,OK,0.206
2026-09-28T20:11:19.523+00:00,ospf,rev,1818,OK,0.200
2026-09-28T20:11:19.727+00:00,ospf,rev,1819,OK,0.196
2026-09-28T20:11:19.935+00:00,ospf,rev,1820,OK,0.181
2026-09-28T20:11:20.139+00:00,ospf,rev,1821,OK,0.218
2026-09-28T20:11:20.343+00:00,ospf,rev,1822,OK,0.115
2026-09-28T20:11:20.547+00:00,ospf,rev,1823,OK,0.079
2026-09-28T20:11:20.751+00:00,ospf,rev,1824,OK,0.117
2026-09-28T20:11:20.955+00:00,ospf,rev,1825,OK,0.105
2026-09-28T20:11:21.159+00:00,ospf,rev,1826,OK,0.097
2026-09-28T20:11:21.367+00:00,ospf,rev,1827,OK,0.095
2026-09-28T20:11:21.571+00:00,ospf,rev,1828,OK,0.124
2026-09-28T20:11:21.775+00:00,ospf,rev,1829,OK,0.193
2026-09-28T20:11:21.979+00:00,ospf,rev,1830,OK,0.143
2026-09-28T20:11:22.183+00:00,ospf,rev,1831,OK,0.122
2026-09-28T20:11:22.391+00:00,ospf,rev,1832,OK,0.178
2026-09-28T20:11:22.595+00:00,ospf,rev,1833,OK,0.129
2026-09-28T20:11:22.799+00:00,ospf,rev,1834,OK,0.127
2026-09-28T20:11:23.003+00:00,ospf,rev,1835,OK,0.171
2026-09-28T20:11:23.211+00:00,ospf,rev,1836,OK,0.353
2026-09-28T20:11:23.415+00:00,ospf,rev,1837,OK,0.231
2026-09-28T20:11:23.619+00:00,ospf,rev,1838,OK,0.123
2026-09-28T20:11:23.827+00:00,ospf,rev,1839,OK,0.118
2026-09-28T20:11:24.035+00:00,ospf,rev,1840,OK,0.189
2026-09-28T20:11:24.239+00:00,ospf,rev,1841,OK,0.139
2026-09-28T20:11:24.443+00:00,ospf,rev,1842,OK,0.107
2026-09-28T20:11:24.647+00:00,ospf,rev,1843,OK,0.118
2026-09-28T20:11:24.851+00:00,ospf,rev,1844,OK,0.175
2026-09-28T20:11:25.055+00:00,ospf,rev,1845,OK,0.084
2026-09-28T20:11:25.259+00:00,ospf,rev,1846,OK,0.095
2026-09-28T20:11:25.463+00:00,ospf,rev,1847,OK,0.113
2026-09-28T20:11:25.667+00:00,ospf,rev,1848,OK,0.082
2026-09-28T20:11:25.871+00:00,ospf,rev,1849,OK,0.145
2026-09-28T20:11:26.075+00:00,ospf,rev,1850,OK,0.146
2026-09-28T20:11:26.279+00:00,ospf,rev,1851,OK,0.104
2026-09-28T20:11:26.483+00:00,ospf,rev,1852,OK,0.127
2026-09-28T20:11:26.691+00:00,ospf,rev,1853,OK,0.173
2026-09-28T20:11:26.895+00:00,ospf,rev,1854,OK,0.169
2026-09-28T20:11:27.099+00:00,ospf,rev,1855,OK,0.204
2026-09-28T20:11:27.303+00:00,ospf,rev,1856,OK,0.143
2026-09-28T20:11:27.507+00:00,ospf,rev,1857,OK,0.183
2026-09-28T20:11:27.715+00:00,ospf,rev,1858,OK,0.159
2026-09-28T20:11:27.919+00:00,ospf,rev,1859,OK,0.138
2026-09-28T20:11:28.127+00:00,ospf,rev,1860,OK,0.176
2026-09-28T20:11:28.331+00:00,ospf,rev,1861,OK,0.136
2026-09-28T20:11:28.535+00:00,ospf,rev,1862,OK,0.164
2026-09-28T20:11:28.743+00:00,ospf,rev,1863,OK,0.166
2026-09-28T20:11:28.947+00:00,ospf,rev,1864,OK,0.141
2026-09-28T20:11:29.151+00:00,ospf,rev,1865,OK,0.184
2026-09-28T20:11:29.355+00:00,ospf,rev,1866,OK,0.185
2026-09-28T20:11:29.559+00:00,ospf,rev,1867,OK,0.148
2026-09-28T20:11:29.763+00:00,ospf,rev,1868,OK,0.152
2026-09-28T20:11:29.967+00:00,ospf,rev,1869,OK,0.167
2026-09-28T20:11:30.171+00:00,ospf,rev,1870,OK,0.227
2026-09-28T20:11:30.375+00:00,ospf,rev,1871,OK,0.185
2026-09-28T20:11:30.579+00:00,ospf,rev,1872,OK,0.141
2026-09-28T20:11:30.783+00:00,ospf,rev,1873,OK,0.182
2026-09-28T20:11:30.987+00:00,ospf,rev,1874,OK,0.184
2026-09-28T20:11:31.191+00:00,ospf,rev,1875,OK,0.180
2026-09-28T20:11:31.399+00:00,ospf,rev,1876,OK,0.180
2026-09-28T20:11:31.607+00:00,ospf,rev,1877,OK,0.229
2026-09-28T20:11:31.811+00:00,ospf,rev,1878,OK,0.139
2026-09-28T20:11:32.020+00:00,ospf,rev,1879,OK,0.166
2026-09-28T20:11:32.228+00:00,ospf,rev,1880,OK,0.197
2026-09-28T20:11:32.435+00:00,ospf,rev,1881,OK,0.180
2026-09-28T20:11:32.639+00:00,ospf,rev,1882,OK,0.185
2026-09-28T20:11:32.843+00:00,ospf,rev,1883,OK,0.190
2026-09-28T20:11:33.047+00:00,ospf,rev,1884,OK,0.162
2026-09-28T20:11:33.251+00:00,ospf,rev,1885,OK,0.189
2026-09-28T20:11:33.455+00:00,ospf,rev,1886,OK,0.172
2026-09-28T20:11:33.659+00:00,ospf,rev,1887,OK,0.150
2026-09-28T20:11:33.863+00:00,ospf,rev,1888,OK,0.129
2026-09-28T20:11:34.067+00:00,ospf,rev,1889,OK,0.118
2026-09-28T20:11:34.271+00:00,ospf,rev,1890,OK,0.133
2026-09-28T20:11:34.476+00:00,ospf,rev,1891,OK,0.531
2026-09-28T20:11:34.679+00:00,ospf,rev,1892,OK,0.150
2026-09-28T20:11:34.883+00:00,ospf,rev,1893,OK,0.148
2026-09-28T20:11:35.087+00:00,ospf,rev,1894,OK,0.208
2026-09-28T20:11:35.291+00:00,ospf,rev,1895,OK,0.245
2026-09-28T20:11:35.496+00:00,ospf,rev,1896,OK,0.461
2026-09-28T20:11:35.699+00:00,ospf,rev,1897,OK,0.159
2026-09-28T20:11:35.903+00:00,ospf,rev,1898,OK,0.131
2026-09-28T20:11:36.107+00:00,ospf,rev,1899,OK,0.166
2026-09-28T20:11:36.311+00:00,ospf,rev,1900,OK,0.179
2026-09-28T20:11:36.515+00:00,ospf,rev,1901,OK,0.165
2026-09-28T20:11:36.719+00:00,ospf,rev,1902,OK,0.164
2026-09-28T20:11:36.924+00:00,ospf,rev,1903,OK,0.143
2026-09-28T20:11:37.131+00:00,ospf,rev,1904,OK,0.163
2026-09-28T20:11:37.335+00:00,ospf,rev,1905,OK,0.169
2026-09-28T20:11:37.539+00:00,ospf,rev,1906,OK,0.188
2026-09-28T20:11:37.743+00:00,ospf,rev,1907,OK,0.174
2026-09-28T20:11:37.951+00:00,ospf,rev,1908,OK,0.215
